Name,Avg. Temp,Min. Temp,Max. Temp,Precip.,month,year
Marin,51.5,43.2,59.7,2.83,December, 2020
Marin,53.5,44.2,62.8,1.54,November, 2020
Marin,66.2,54.4,78.0,0.01,October, 2020
Marin,66.8,56.7,77.0,0.0,September, 2020
Marin,66.7,56.4,77.1,0.25,August, 2020
Marin,62.0,52.3,71.6,0.01,July, 2020
Marin,62.7,52.4,73.0,0.0,June, 2020
Marin,59.3,49.9,68.7,1.24,May, 2020
Marin,55.3,47.1,63.5,1.47,April, 2020
Marin,51.2,43.6,58.9,2.16,March, 2020
Marin,54.7,44.4,65.0,0.0,February, 2020
Marin,50.3,44.2,56.3,3.56,January, 2020
Marin,50.6,46.2,55.0,10.12,December, 2019
Marin,55.5,45.7,65.3,1.53,November, 2019
Marin,60.8,49.2,72.4,0.02,October, 2019
Marin,64.2,54.9,73.6,0.1,September, 2019
Marin,65.9,55.8,76.0,0.0,August, 2019
Marin,62.0,52.1,71.9,0.0,July, 2019
Marin,62.2,51.8,72.7,0.01,June, 2019
Marin,54.9,48.3,61.4,3.56,May, 2019
Marin,56.9,49.0,64.8,1.13,April, 2019
Marin,51.5,44.5,58.5,7.21,March, 2019
Marin,46.5,41.3,51.7,15.07,February, 2019
Marin,51.8,45.7,57.8,7.95,January, 2019
Marin,50.7,44.9,56.5,3.34,December, 2018
Marin,56.5,47.8,65.2,5.19,November, 2018
Marin,61.0,50.9,71.2,1.29,October, 2018
Marin,60.8,50.2,71.4,0.02,September, 2018
Marin,61.9,52.4,71.5,0.02,August, 2018
Marin,62.8,52.4,73.2,0.0,July, 2018
Marin,60.9,50.1,71.6,0.0,June, 2018
Marin,56.6,48.6,64.6,0.13,May, 2018
Marin,54.2,45.6,62.8,5.04,April, 2018
Marin,51.0,42.8,59.3,8.32,March, 2018
Marin,52.4,42.3,62.4,0.37,February, 2018
Marin,51.4,45.2,57.6,6.77,January, 2018
Marin,51.2,42.0,60.3,0.09,December, 2017
Marin,54.6,48.1,61.0,5.1,November, 2017
Marin,62.0,50.5,73.4,0.24,October, 2017
Marin,67.0,57.1,76.8,0.1,September, 2017
Marin,64.2,54.9,73.5,0.0,August, 2017
Marin,63.3,51.4,75.2,0.0,July, 2017
Marin,61.8,51.7,71.8,0.3,June, 2017
Marin,58.2,48.5,67.9,0.07,May, 2017
Marin,54.4,46.5,62.3,4.65,April, 2017
Marin,54.4,45.9,62.8,4.45,March, 2017
Marin,51.1,45.8,56.4,13.84,February, 2017
Marin,47.8,41.5,54.0,17.01,January, 2017
Marin,48.2,41.0,55.4,7.07,December, 2016
Marin,55.4,48.2,62.5,4.04,November, 2016
Marin,59.0,51.9,66.1,6.33,October, 2016
Marin,62.7,52.0,73.3,0.0,September, 2016
Marin,61.2,52.0,70.3,0.01,August, 2016
Marin,61.5,50.7,72.3,0.0,July, 2016
Marin,61.7,50.8,72.5,0.03,June, 2016
Marin,58.2,49.7,66.8,0.22,May, 2016
Marin,57.2,48.9,65.5,1.51,April, 2016
Marin,53.8,47.3,60.4,9.7,March, 2016
Marin,56.2,47.0,65.3,1.17,February, 2016
Marin,50.6,46.4,54.9,10.73,January, 2016
Marin,49.2,43.1,55.3,7.55,December, 2015
Marin,52.8,44.0,61.5,1.84,November, 2015
Marin,64.3,54.2,74.4,0.06,October, 2015
Marin,65.5,54.2,76.8,0.27,September, 2015
Marin,65.7,56.8,74.6,0.03,August, 2015
Marin,63.9,55.7,72.1,0.07,July, 2015
Marin,61.7,51.0,72.3,0.27,June, 2015
Marin,55.0,48.0,62.1,0.12,May, 2015
Marin,55.0,45.4,64.6,1.88,April, 2015
Marin,57.3,47.1,67.5,0.26,March, 2015
Marin,56.5,48.0,65.0,3.53,February, 2015
Marin,53.0,44.2,61.8,0.05,January, 2015
Marin,54.1,50.0,58.2,17.2,December, 2014
Marin,56.6,49.2,64.1,3.81,November, 2014
Marin,63.6,53.0,74.1,0.9,October, 2014
Marin,63.8,55.0,72.6,0.52,September, 2014
Marin,63.4,55.0,71.8,0.09,August, 2014
Marin,64.0,54.5,73.4,0.05,July, 2014
Marin,61.0,50.1,71.9,0.01,June, 2014
Marin,59.8,49.7,70.0,0.09,May, 2014
Marin,56.4,47.1,65.7,2.05,April, 2014
Marin,55.7,47.2,64.3,4.09,March, 2014
Marin,52.1,45.5,58.8,11.33,February, 2014
Marin,54.6,43.7,65.5,0.1,January, 2014
Marin,47.6,36.0,59.2,0.58,December, 2013
Marin,55.1,45.3,64.9,1.74,November, 2013
Marin,58.3,46.3,70.2,0.0,October, 2013
Marin,62.6,53.9,71.4,0.66,September, 2013
Marin,62.4,53.6,71.3,0.05,August, 2013
Marin,61.9,52.2,71.6,0.01,July, 2013
Marin,61.0,51.5,70.4,0.95,June, 2013
Marin,58.5,48.5,68.4,0.16,May, 2013
Marin,57.3,47.3,67.2,1.52,April, 2013
Marin,53.5,43.5,63.5,1.3,March, 2013
Marin,49.9,39.2,60.4,0.53,February, 2013
Marin,47.4,38.1,56.8,0.9,January, 2013
Marin,49.0,42.8,55.1,12.01,December, 2012
Marin,55.2,48.1,62.3,8.52,November, 2012
Marin,60.7,51.4,69.9,1.89,October, 2012
Marin,59.5,48.5,70.4,0.0,September, 2012
Marin,61.7,50.9,72.5,0.0,August, 2012
Marin,60.7,50.1,71.2,0.03,July, 2012
Marin,59.2,49.1,69.4,0.07,June, 2012
Marin,56.6,46.5,66.7,0.13,May, 2012
Marin,53.9,45.7,62.1,2.65,April, 2012
Marin,49.8,42.6,57.0,10.84,March, 2012
Marin,50.8,42.1,59.4,1.77,February, 2012
Marin,50.4,41.3,59.4,6.35,January, 2012
Marin,48.8,39.0,58.6,0.15,December, 2011
Marin,51.2,43.8,58.6,2.34,November, 2011
Marin,59.9,51.0,68.8,2.25,October, 2011
Marin,63.6,52.5,74.6,0.01,September, 2011
Marin,60.6,51.6,69.5,0.02,August, 2011
Marin,60.4,51.8,68.9,0.01,July, 2011
Marin,57.4,49.2,65.6,1.24,June, 2011
Marin,53.1,45.0,61.2,1.73,May, 2011
Marin,52.4,44.7,60.1,0.83,April, 2011
Marin,50.6,44.3,56.8,11.83,March, 2011
Marin,48.5,39.8,57.2,5.9,February, 2011
Marin,49.3,41.8,56.7,2.18,January, 2011
Marin,50.4,46.1,54.8,10.63,December, 2010
Marin,53.0,44.9,61.0,4.1,November, 2010
Marin,59.0,50.8,67.1,4.0,October, 2010
Marin,63.6,52.2,74.9,0.08,September, 2010
Marin,60.3,50.8,69.7,0.02,August, 2010
Marin,59.4,50.5,68.2,0.01,July, 2010
Marin,59.9,50.4,69.4,0.05,June, 2010
Marin,53.5,45.3,61.7,1.65,May, 2010
Marin,51.1,43.2,59.0,5.45,April, 2010
Marin,51.6,42.7,60.4,4.24,March, 2010
Marin,51.5,45.5,57.5,5.86,February, 2010
Marin,49.1,44.6,53.6,11.66,January, 2010
Marin,47.2,41.0,53.5,3.95,December, 2009
Marin,53.6,44.5,62.7,0.9,November, 2009
Marin,58.3,49.8,66.8,5.91,October, 2009
Marin,64.9,52.7,77.1,0.29,September, 2009
Marin,63.3,52.4,74.2,0.0,August, 2009
Marin,60.7,50.4,71.1,0.01,July, 2009
Marin,59.5,50.4,68.5,0.04,June, 2009
Marin,57.3,48.1,66.5,2.02,May, 2009
Marin,53.3,43.8,62.9,0.79,April, 2009
Marin,51.2,43.1,59.4,3.07,March, 2009
Marin,49.3,42.9,55.7,10.68,February, 2009
Marin,50.9,41.7,60.1,1.02,January, 2009
Marin,46.6,39.8,53.4,3.73,December, 2008
Marin,55.8,48.7,62.9,3.77,November, 2008
Marin,61.0,49.8,72.1,1.02,October, 2008
Marin,63.3,52.1,74.5,0.02,September, 2008
Marin,63.9,53.0,74.8,0.04,August, 2008
Marin,62.0,52.0,72.0,0.0,July, 2008
Marin,60.7,48.9,72.5,0.0,June, 2008
Marin,56.7,47.0,66.4,0.06,May, 2008
Marin,52.7,42.3,63.0,0.21,April, 2008
Marin,51.2,41.8,60.6,0.39,March, 2008
Marin,49.9,41.7,58.1,4.14,February, 2008
Marin,46.8,41.4,52.1,13.66,January, 2008
Marin,47.5,40.8,54.1,5.53,December, 2007
Marin,54.9,45.4,64.3,1.04,November, 2007
Marin,57.1,48.4,65.7,3.05,October, 2007
Marin,61.1,52.1,70.1,0.1,September, 2007
Marin,63.1,53.2,73.0,0.01,August, 2007
Marin,62.2,52.8,71.6,0.04,July, 2007
Marin,59.7,49.2,70.2,0.0,June, 2007
Marin,56.7,47.2,66.2,0.55,May, 2007
Marin,53.6,44.5,62.8,2.14,April, 2007
Marin,54.4,44.1,64.7,0.37,March, 2007
Marin,50.0,43.5,56.5,8.01,February, 2007
Marin,47.5,38.3,56.7,0.83,January, 2007
Marin,49.1,41.9,56.3,6.54,December, 2006
Marin,53.6,46.7,60.4,4.21,November, 2006
Marin,58.2,48.6,67.8,0.65,October, 2006
Marin,61.1,50.4,71.8,0.0,September, 2006
Marin,61.2,51.3,71.1,0.0,August, 2006
Marin,65.6,53.7,77.4,0.01,July, 2006
Marin,62.2,52.2,72.2,0.01,June, 2006
Marin,57.2,47.7,66.7,0.52,May, 2006
Marin,52.6,46.3,59.0,7.43,April, 2006
Marin,47.2,41.3,53.1,11.29,March, 2006
Marin,51.3,42.3,60.4,4.38,February, 2006
Marin,50.2,43.7,56.7,5.97,January, 2006
Marin,51.4,45.8,56.9,18.87,December, 2005
Marin,55.6,47.1,64.0,2.68,November, 2005
Marin,58.7,48.9,68.5,0.8,October, 2005
Marin,59.6,50.0,69.2,0.02,September, 2005
Marin,61.9,51.2,72.6,0.01,August, 2005
Marin,63.2,52.8,73.7,0.0,July, 2005
Marin,58.0,49.9,66.0,0.87,June, 2005
Marin,57.0,49.6,64.3,3.51,May, 2005
Marin,52.7,44.3,61.1,2.49,April, 2005
Marin,54.4,46.5,62.3,6.8,March, 2005
Marin,52.3,46.4,58.3,5.77,February, 2005
Marin,47.1,41.5,52.7,5.98,January, 2005
Marin,50.3,44.0,56.6,12.15,December, 2004
Marin,52.6,45.5,59.8,2.77,November, 2004
Marin,57.8,49.4,66.1,4.24,October, 2004
Marin,64.6,53.2,76.0,0.23,September, 2004
Marin,63.9,54.4,73.3,0.02,August, 2004
Marin,61.5,52.5,70.4,0.01,July, 2004
Marin,59.7,50.0,69.4,0.0,June, 2004
Marin,57.3,48.3,66.3,0.09,May, 2004
Marin,56.1,46.4,65.7,0.7,April, 2004
Marin,58.0,47.4,68.6,1.28,March, 2004
Marin,49.8,43.3,56.2,9.22,February, 2004
Marin,48.5,43.2,53.8,4.62,January, 2004
Marin,49.5,44.3,54.7,12.53,December, 2003
Marin,51.0,44.4,57.7,2.81,November, 2003
Marin,62.1,50.5,73.6,0.06,October, 2003
Marin,64.8,54.3,75.2,0.03,September, 2003
Marin,63.5,54.2,72.8,0.14,August, 2003
Marin,63.4,51.9,75.0,0.02,July, 2003
Marin,60.4,50.9,69.9,0.0,June, 2003
Marin,56.4,47.1,65.6,1.41,May, 2003
Marin,50.0,43.3,56.7,5.0,April, 2003
Marin,53.6,45.4,61.7,2.43,March, 2003
Marin,50.8,42.5,59.0,2.63,February, 2003
Marin,52.6,47.3,58.0,4.2,January, 2003
Marin,50.7,45.1,56.2,20.07,December, 2002
Marin,55.6,47.0,64.2,3.69,November, 2002
Marin,58.9,48.7,69.0,0.03,October, 2002
Marin,63.0,51.4,74.7,0.0,September, 2002
Marin,62.0,52.0,72.0,0.01,August, 2002
Marin,61.9,51.8,71.9,0.0,July, 2002
Marin,60.0,49.7,70.3,0.01,June, 2002
Marin,55.2,45.8,64.7,1.0,May, 2002
Marin,53.5,45.8,61.1,0.55,April, 2002
Marin,50.8,42.4,59.2,3.35,March, 2002
Marin,51.3,42.7,59.9,2.56,February, 2002
Marin,47.3,40.4,54.2,4.09,January, 2002
Marin,50.1,45.6,54.6,14.29,December, 2001
Marin,54.8,47.9,61.8,8.73,November, 2001
Marin,61.0,51.1,71.0,0.94,October, 2001
Marin,60.9,51.2,70.6,0.16,September, 2001
Marin,62.3,52.1,72.5,0.01,August, 2001
Marin,60.8,51.4,70.1,0.0,July, 2001
Marin,61.7,50.7,72.8,0.32,June, 2001
Marin,61.7,49.9,73.5,0.0,May, 2001
Marin,50.8,42.4,59.3,1.39,April, 2001
Marin,54.0,45.4,62.6,2.03,March, 2001
Marin,48.9,42.0,55.8,8.18,February, 2001
Marin,47.7,39.8,55.6,5.82,January, 2001
Marin,50.5,43.0,58.0,1.26,December, 2000
Marin,50.4,42.8,58.0,1.49,November, 2000
Marin,57.3,49.4,65.2,3.3,October, 2000
Marin,63.6,53.6,73.6,0.24,September, 2000
Marin,62.0,52.1,72.0,0.02,August, 2000
Marin,59.4,50.4,68.4,0.0,July, 2000
Marin,60.3,51.0,69.7,0.22,June, 2000
Marin,57.2,48.9,65.4,1.7,May, 2000
Marin,55.1,46.8,63.4,2.4,April, 2000
Marin,52.1,44.2,60.0,2.9,March, 2000
Marin,51.0,46.4,55.6,13.28,February, 2000
Marin,50.0,44.6,55.3,8.33,January, 2000
Marin,50.6,41.3,59.9,0.85,December, 1999
Marin,54.9,48.3,61.5,3.95,November, 1999
Marin,61.4,49.9,72.9,0.84,October, 1999
Marin,62.3,52.5,72.1,0.11,September, 1999
Marin,61.9,53.2,70.7,0.08,August, 1999
Marin,59.6,50.8,68.4,0.0,July, 1999
Marin,58.0,48.4,67.6,0.14,June, 1999
Marin,53.1,45.2,61.0,0.13,May, 1999
Marin,52.3,44.4,60.3,2.9,April, 1999
Marin,47.9,41.4,54.3,4.46,March, 1999
Marin,48.1,41.6,54.6,11.47,February, 1999
Marin,47.7,40.7,54.6,5.0,January, 1999
Marin,46.8,39.0,54.6,1.94,December, 1998
Marin,51.9,45.9,57.8,7.35,November, 1998
Marin,58.0,48.8,67.3,1.11,October, 1998
Marin,62.6,53.9,71.2,0.09,September, 1998
Marin,64.7,53.1,76.3,0.02,August, 1998
Marin,61.7,52.1,71.3,0.01,July, 1998
Marin,57.6,51.2,64.0,0.04,June, 1998
Marin,53.1,47.8,58.4,4.35,May, 1998
Marin,52.4,44.5,60.3,2.97,April, 1998
Marin,51.9,44.7,59.1,3.5,March, 1998
Marin,49.6,44.9,54.3,21.93,February, 1998
Marin,50.6,46.6,54.6,14.53,January, 1998
Marin,49.5,42.8,56.2,4.19,December, 1997
Marin,55.4,49.4,61.4,10.7,November, 1997
Marin,58.9,50.1,67.7,1.65,October, 1997
Marin,65.3,55.2,75.5,0.25,September, 1997
Marin,63.9,55.2,72.5,0.83,August, 1997
Marin,61.9,52.4,71.4,0.01,July, 1997
Marin,60.1,51.2,69.0,0.38,June, 1997
Marin,61.2,51.2,71.2,0.44,May, 1997
Marin,55.2,46.5,64.0,0.77,April, 1997
Marin,54.1,44.4,63.9,1.09,March, 1997
Marin,51.9,43.7,60.1,0.5,February, 1997
Marin,49.4,44.3,54.5,11.97,January, 1997
Marin,52.0,46.7,57.2,14.69,December, 1996
Marin,54.6,47.7,61.5,4.64,November, 1996
Marin,59.0,49.5,68.6,1.33,October, 1996
Marin,60.9,51.1,70.8,0.08,September, 1996
Marin,63.3,51.8,74.9,0.0,August, 1996
Marin,63.0,52.4,73.6,0.0,July, 1996
Marin,60.0,49.5,70.6,0.01,June, 1996
Marin,57.3,48.7,65.9,3.34,May, 1996
Marin,55.6,46.7,64.4,3.97,April, 1996
Marin,53.7,45.2,62.2,3.04,March, 1996
Marin,53.0,47.6,58.4,11.36,February, 1996
Marin,49.8,43.8,55.8,10.67,January, 1996
Marin,52.2,46.8,57.5,13.06,December, 1995
Marin,57.5,48.0,67.0,0.32,November, 1995
Marin,60.8,49.9,71.7,0.03,October, 1995
Marin,62.9,53.5,72.3,0.0,September, 1995
Marin,63.2,52.4,73.9,0.01,August, 1995
Marin,63.1,54.1,72.0,0.0,July, 1995
Marin,58.8,50.5,67.0,0.86,June, 1995
Marin,54.4,47.9,60.9,1.98,May, 1995
Marin,52.8,45.7,59.9,2.89,April, 1995
Marin,51.1,44.7,57.4,14.58,March, 1995
Marin,53.1,47.0,59.1,0.8,February, 1995
Marin,51.7,48.7,54.7,21.17,January, 1995
Marin,45.8,40.1,51.6,5.03,December, 1994
Marin,48.0,41.2,54.7,11.26,November, 1994
Marin,58.4,48.4,68.4,0.83,October, 1994
Marin,62.2,52.7,71.6,0.03,September, 1994
Marin,62.5,50.9,74.0,0.0,August, 1994
Marin,59.0,50.2,67.8,0.0,July, 1994
Marin,59.3,48.5,70.0,0.06,June, 1994
Marin,55.5,47.9,63.2,1.57,May, 1994
Marin,53.9,45.6,62.2,1.92,April, 1994
Marin,53.4,44.5,62.4,0.41,March, 1994
Marin,48.2,41.0,55.4,6.5,February, 1994
Marin,49.3,41.6,57.0,3.65,January, 1994
Marin,47.2,40.5,53.9,4.37,December, 1993
Marin,52.9,43.4,62.3,4.08,November, 1993
Marin,60.5,51.5,69.5,1.17,October, 1993
Marin,62.0,50.9,73.2,0.01,September, 1993
Marin,63.7,53.8,73.7,0.0,August, 1993
Marin,61.3,51.7,70.8,0.0,July, 1993
Marin,61.6,51.5,71.6,1.09,June, 1993
Marin,57.1,49.6,64.4,1.6,May, 1993
Marin,54.0,46.3,61.7,1.51,April, 1993
Marin,54.5,47.6,61.3,3.14,March, 1993
Marin,49.1,42.8,55.4,7.82,February, 1993
Marin,46.6,40.1,53.1,15.46,January, 1993
Marin,47.2,41.0,53.3,11.06,December, 1992
Marin,54.6,46.1,63.1,0.55,November, 1992
Marin,62.0,52.9,71.0,3.69,October, 1992
Marin,62.9,52.8,73.0,0.03,September, 1992
Marin,63.1,52.4,73.8,0.06,August, 1992
Marin,62.2,53.7,70.7,0.0,July, 1992
Marin,59.3,51.7,67.0,0.81,June, 1992
Marin,60.0,50.4,69.6,0.0,May, 1992
Marin,56.8,48.0,65.7,1.53,April, 1992
Marin,53.8,47.4,60.1,5.34,March, 1992
Marin,53.5,46.8,60.2,10.34,February, 1992
Marin,46.1,39.9,52.3,2.69,January, 1992
Marin,48.3,40.6,56.0,3.7,December, 1991
Marin,54.9,45.7,64.1,1.5,November, 1991
Marin,61.7,50.8,72.6,2.7,October, 1991
Marin,62.6,52.8,72.4,0.02,September, 1991
Marin,61.7,53.2,70.3,0.32,August, 1991
Marin,61.1,52.0,70.2,0.01,July, 1991
Marin,57.0,47.3,66.6,0.5,June, 1991
Marin,53.9,45.2,62.7,0.27,May, 1991
Marin,52.7,44.0,61.3,0.99,April, 1991
Marin,48.6,42.6,54.7,13.36,March, 1991
Marin,53.5,44.9,62.0,5.33,February, 1991
Marin,48.2,39.5,56.8,0.99,January, 1991
Marin,43.7,34.7,52.7,1.79,December, 1990
Marin,53.4,43.5,63.3,0.68,November, 1990
Marin,60.8,49.2,72.4,0.36,October, 1990
Marin,64.2,53.9,74.5,0.15,September, 1990
Marin,64.0,55.1,72.8,0.01,August, 1990
Marin,62.4,52.7,72.1,0.0,July, 1990
Marin,60.5,50.3,70.6,0.01,June, 1990
Marin,56.2,47.7,64.6,4.24,May, 1990
Marin,56.4,48.0,64.8,0.42,April, 1990
Marin,51.7,43.7,59.6,1.8,March, 1990
Marin,47.2,39.2,55.2,3.74,February, 1990
Marin,48.3,40.8,55.8,6.13,January, 1990
Marin,47.3,38.8,55.8,0.0,December, 1989
Marin,54.2,44.5,63.9,2.49,November, 1989
Marin,58.1,48.9,67.4,2.68,October, 1989
Marin,60.3,52.0,68.6,1.36,September, 1989
Marin,62.0,52.0,71.9,0.05,August, 1989
Marin,61.5,50.1,73.0,0.0,July, 1989
Marin,59.6,50.9,68.3,0.3,June, 1989
Marin,56.3,47.0,65.5,0.13,May, 1989
Marin,56.7,47.7,65.7,1.1,April, 1989
Marin,51.6,45.8,57.4,10.41,March, 1989
Marin,46.0,38.4,53.6,1.63,February, 1989
Marin,46.2,38.0,54.3,2.02,January, 1989
Marin,48.5,41.0,56.0,5.28,December, 1988
Marin,53.2,47.7,58.7,6.07,November, 1988
Marin,59.2,50.6,67.9,0.41,October, 1988
Marin,61.4,50.0,72.9,0.0,September, 1988
Marin,62.8,53.1,72.5,0.04,August, 1988
Marin,63.8,52.8,74.8,0.0,July, 1988
Marin,60.1,50.1,70.0,0.57,June, 1988
Marin,56.1,46.7,65.5,0.91,May, 1988
Marin,55.2,46.2,64.1,2.37,April, 1988
Marin,54.7,44.1,65.4,0.14,March, 1988
Marin,53.0,42.5,63.4,0.57,February, 1988
Marin,48.6,42.4,54.8,7.42,January, 1988
Marin,48.6,43.9,53.3,9.81,December, 1987
Marin,53.7,46.8,60.6,4.36,November, 1987
Marin,61.9,53.2,70.6,1.51,October, 1987
Marin,62.2,51.8,72.5,0.0,September, 1987
Marin,61.8,52.3,71.3,0.0,August, 1987
Marin,59.5,50.9,68.2,0.0,July, 1987
Marin,60.0,50.0,69.9,0.03,June, 1987
Marin,59.1,49.3,69.0,0.05,May, 1987
Marin,56.8,45.6,67.9,0.29,April, 1987
Marin,51.4,43.4,59.3,5.07,March, 1987
Marin,51.4,43.6,59.1,6.4,February, 1987
Marin,47.5,40.7,54.4,5.63,January, 1987
Marin,47.9,41.4,54.4,2.48,December, 1986
Marin,55.4,45.0,65.7,0.27,November, 1986
Marin,59.5,50.2,68.8,0.33,October, 1986
Marin,58.7,51.5,65.9,1.3,September, 1986
Marin,61.4,52.2,70.4,0.0,August, 1986
Marin,61.0,51.1,71.0,0.03,July, 1986
Marin,60.4,51.7,69.1,0.0,June, 1986
Marin,56.7,47.2,66.2,0.42,May, 1986
Marin,53.9,45.2,62.7,1.12,April, 1986
Marin,55.1,47.1,63.2,9.04,March, 1986
Marin,53.6,47.6,59.6,17.96,February, 1986
Marin,51.3,45.7,56.9,8.59,January, 1986
Marin,45.0,38.8,51.2,4.1,December, 1985
Marin,49.5,42.0,57.0,6.36,November, 1985
Marin,58.5,48.5,68.4,1.42,October, 1985
Marin,60.4,51.7,69.1,0.67,September, 1985
Marin,61.8,51.2,72.5,0.01,August, 1985
Marin,63.3,52.4,74.3,0.05,July, 1985
Marin,62.4,51.4,73.3,0.09,June, 1985
Marin,55.2,45.5,64.8,0.05,May, 1985
Marin,56.2,47.0,65.4,0.42,April, 1985
Marin,49.2,41.7,56.6,5.7,March, 1985
Marin,50.7,41.6,59.8,3.44,February, 1985
Marin,44.8,38.6,50.9,1.31,January, 1985
Marin,46.2,40.5,51.9,2.63,December, 1984
Marin,51.3,45.5,57.0,12.37,November, 1984
Marin,57.2,49.6,64.8,3.04,October, 1984
Marin,65.9,53.7,78.2,0.17,September, 1984
Marin,62.7,52.0,73.4,0.53,August, 1984
Marin,63.3,52.7,73.9,0.0,July, 1984
Marin,59.0,48.3,69.6,0.37,June, 1984
Marin,58.8,48.3,69.2,0.24,May, 1984
Marin,52.4,43.9,60.9,1.69,April, 1984
Marin,54.4,45.9,62.8,2.48,March, 1984
Marin,49.5,42.6,56.5,2.98,February, 1984
Marin,49.4,42.8,56.0,0.59,January, 1984
Marin,51.0,47.9,54.0,13.39,December, 1983
Marin,53.0,47.8,58.1,12.26,November, 1983
Marin,61.8,52.5,71.0,0.95,October, 1983
Marin,65.6,55.6,75.7,0.6,September, 1983
Marin,64.3,54.5,74.1,0.71,August, 1983
Marin,62.1,51.9,72.2,0.02,July, 1983
Marin,59.7,49.4,70.0,0.01,June, 1983
Marin,55.6,46.9,64.4,0.47,May, 1983
Marin,51.4,44.9,57.8,5.03,April, 1983
Marin,51.6,47.0,56.1,17.5,March, 1983
Marin,51.9,47.4,56.3,12.87,February, 1983
Marin,47.1,41.9,52.3,10.04,January, 1983
Marin,48.1,42.0,54.3,5.34,December, 1982
Marin,50.0,43.8,56.2,10.46,November, 1982
Marin,58.7,49.7,67.7,4.43,October, 1982
Marin,62.3,52.8,71.8,0.81,September, 1982
Marin,62.2,52.0,72.4,0.01,August, 1982
Marin,60.6,51.1,70.0,0.01,July, 1982
Marin,56.4,49.4,63.4,0.08,June, 1982
Marin,56.2,46.8,65.6,0.0,May, 1982
Marin,52.4,45.4,59.3,5.38,April, 1982
Marin,49.0,42.6,55.4,9.09,March, 1982
Marin,50.8,43.4,58.2,6.32,February, 1982
Marin,44.6,38.1,51.0,12.32,January, 1982
Marin,51.1,46.2,55.9,11.68,December, 1981
Marin,55.1,49.5,60.6,9.65,November, 1981
Marin,56.4,47.7,65.0,3.33,October, 1981
Marin,61.4,52.6,70.2,0.39,September, 1981
Marin,62.1,51.9,72.2,0.01,August, 1981
Marin,60.8,50.3,71.2,0.04,July, 1981
Marin,65.0,53.4,76.6,0.0,June, 1981
Marin,57.4,47.7,67.1,0.41,May, 1981
Marin,54.7,45.1,64.2,0.25,April, 1981
Marin,51.1,44.4,57.7,6.08,March, 1981
Marin,52.0,44.9,59.1,2.84,February, 1981
Marin,49.6,44.7,54.4,8.59,January, 1981
Marin,50.2,43.0,57.3,4.51,December, 1980
Marin,54.9,45.4,64.4,0.43,November, 1980
Marin,59.9,48.9,70.9,0.33,October, 1980
Marin,61.4,51.8,71.0,0.0,September, 1980
Marin,59.6,50.8,68.3,0.0,August, 1980
Marin,61.3,51.2,71.5,0.06,July, 1980
Marin,57.0,47.4,66.7,0.16,June, 1980
Marin,54.2,45.7,62.7,0.37,May, 1980
Marin,53.3,44.6,61.9,2.38,April, 1980
Marin,51.3,42.8,59.7,2.16,March, 1980
Marin,52.7,47.4,58.0,11.42,February, 1980
Marin,49.1,43.6,54.6,9.24,January, 1980
Napa,49.2,38.1,60.4,2.16,December, 2020
Napa,52.8,40.3,65.4,1.29,November, 2020
Napa,69.4,53.6,85.2,0.0,October, 2020
Napa,73.8,58.2,89.4,0.0,September, 2020
Napa,76.6,60.5,92.7,0.1,August, 2020
Napa,73.4,56.6,90.1,0.0,July, 2020
Napa,71.2,55.6,86.8,0.0,June, 2020
Napa,64.6,50.4,78.7,1.39,May, 2020
Napa,58.7,46.2,71.2,1.16,April, 2020
Napa,51.2,40.7,61.7,1.5,March, 2020
Napa,53.9,40.9,67.0,0.01,February, 2020
Napa,48.2,39.2,57.3,2.71,January, 2020
Napa,48.5,41.5,55.5,8.67,December, 2019
Napa,55.0,41.6,68.4,1.03,November, 2019
Napa,62.1,46.6,77.6,0.0,October, 2019
Napa,69.5,54.6,84.4,0.07,September, 2019
Napa,74.7,59.0,90.4,0.0,August, 2019
Napa,72.7,57.0,88.5,0.01,July, 2019
Napa,71.3,56.3,86.2,0.0,June, 2019
Napa,60.0,48.4,71.6,3.48,May, 2019
Napa,60.1,48.6,71.5,0.96,April, 2019
Napa,51.4,41.7,61.0,6.18,March, 2019
Napa,44.8,37.3,52.2,14.41,February, 2019
Napa,49.8,41.6,58.1,8.69,January, 2019
Napa,48.3,39.6,57.1,3.12,December, 2018
Napa,55.7,43.7,67.8,4.43,November, 2018
Napa,64.5,51.0,77.9,0.78,October, 2018
Napa,69.0,52.7,85.3,0.04,September, 2018
Napa,71.9,56.0,87.8,0.0,August, 2018
Napa,75.2,58.8,91.5,0.01,July, 2018
Napa,70.0,53.7,86.3,0.0,June, 2018
Napa,62.8,49.5,76.1,0.15,May, 2018
Napa,56.4,44.0,68.8,3.1,April, 2018
Napa,50.7,39.6,61.8,7.12,March, 2018
Napa,51.2,38.2,64.2,0.31,February, 2018
Napa,49.6,41.0,58.1,5.5,January, 2018
Napa,49.1,37.0,61.2,0.11,December, 2017
Napa,53.2,43.9,62.4,4.4,November, 2017
Napa,64.3,48.8,79.8,0.21,October, 2017
Napa,72.1,57.7,86.5,0.04,September, 2017
Napa,74.9,59.4,90.3,0.0,August, 2017
Napa,74.9,57.6,92.2,0.0,July, 2017
Napa,70.9,55.9,85.9,0.38,June, 2017
Napa,64.1,49.9,78.3,0.03,May, 2017
Napa,56.2,45.2,67.3,3.68,April, 2017
Napa,54.8,43.5,66.1,3.64,March, 2017
Napa,49.9,42.7,57.0,13.0,February, 2017
Napa,45.6,37.7,53.4,17.81,January, 2017
Napa,45.8,36.1,55.4,5.84,December, 2016
Napa,54.1,44.4,63.8,2.74,November, 2016
Napa,60.4,49.9,71.0,5.39,October, 2016
Napa,69.8,53.9,85.6,0.0,September, 2016
Napa,71.4,55.4,87.4,0.0,August, 2016
Napa,72.5,55.9,89.2,0.0,July, 2016
Napa,71.1,55.3,86.9,0.01,June, 2016
Napa,63.6,51.0,76.2,0.36,May, 2016
Napa,59.4,47.0,71.8,1.31,April, 2016
Napa,53.9,44.0,63.7,9.62,March, 2016
Napa,54.6,42.8,66.3,1.15,February, 2016
Napa,48.2,42.0,54.5,9.59,January, 2016
Napa,46.0,37.5,54.4,5.17,December, 2015
Napa,51.1,39.3,62.9,1.68,November, 2015
Napa,67.2,53.0,81.4,0.21,October, 2015
Napa,71.9,55.9,87.9,0.28,September, 2015
Napa,73.5,57.6,89.4,0.01,August, 2015
Napa,73.4,58.8,88.1,0.06,July, 2015
Napa,71.4,55.4,87.3,0.11,June, 2015
Napa,60.9,48.1,73.6,0.15,May, 2015
Napa,58.3,44.7,71.8,1.63,April, 2015
Napa,58.6,45.2,71.9,0.19,March, 2015
Napa,55.2,44.2,66.2,4.33,February, 2015
Napa,51.2,40.4,62.0,0.06,January, 2015
Napa,51.0,44.6,57.4,14.09,December, 2014
Napa,55.2,44.4,65.9,2.57,November, 2014
Napa,65.8,51.6,80.1,0.84,October, 2014
Napa,70.6,55.8,85.4,0.5,September, 2014
Napa,72.3,57.2,87.4,0.05,August, 2014
Napa,74.0,58.7,89.4,0.0,July, 2014
Napa,70.4,54.3,86.5,0.0,June, 2014
Napa,65.4,50.3,80.6,0.01,May, 2014
Napa,59.2,46.0,72.4,2.0,April, 2014
Napa,56.0,44.6,67.4,3.44,March, 2014
Napa,51.4,42.1,60.7,9.65,February, 2014
Napa,53.1,39.0,67.1,0.13,January, 2014
Napa,47.1,33.6,60.5,0.51,December, 2013
Napa,54.9,42.6,67.2,0.91,November, 2013
Napa,61.2,45.9,76.5,0.0,October, 2013
Napa,69.0,54.5,83.5,0.6,September, 2013
Napa,71.4,55.7,87.0,0.01,August, 2013
Napa,73.1,56.8,89.4,0.0,July, 2013
Napa,70.0,54.9,85.0,0.65,June, 2013
Napa,64.7,50.3,79.1,0.19,May, 2013
Napa,60.9,47.4,74.5,1.05,April, 2013
Napa,54.1,41.3,66.9,1.33,March, 2013
Napa,49.3,36.4,62.2,0.49,February, 2013
Napa,45.4,33.8,57.0,0.98,January, 2013
Napa,46.5,38.2,54.8,10.94,December, 2012
Napa,54.2,44.0,64.4,8.02,November, 2012
Napa,63.4,50.3,76.4,1.44,October, 2012
Napa,69.1,51.8,86.4,0.0,September, 2012
Napa,73.0,55.7,90.3,0.0,August, 2012
Napa,71.1,54.5,87.8,0.0,July, 2012
Napa,68.1,52.7,83.6,0.05,June, 2012
Napa,63.5,48.5,78.4,0.1,May, 2012
Napa,56.3,44.4,68.2,2.84,April, 2012
Napa,50.0,40.2,59.9,8.84,March, 2012
Napa,50.1,38.6,61.6,1.78,February, 2012
Napa,48.1,35.9,60.2,5.42,January, 2012
Napa,47.2,35.0,59.4,0.29,December, 2011
Napa,49.9,39.4,60.4,2.3,November, 2011
Napa,62.9,50.6,75.2,1.58,October, 2011
Napa,72.0,55.8,88.3,0.01,September, 2011
Napa,70.6,55.2,85.9,0.0,August, 2011
Napa,71.2,56.6,85.8,0.0,July, 2011
Napa,65.7,53.1,78.4,1.09,June, 2011
Napa,58.3,45.3,71.3,1.96,May, 2011
Napa,55.2,43.2,67.1,0.43,April, 2011
Napa,50.2,41.4,59.0,11.4,March, 2011
Napa,47.3,36.6,58.1,6.3,February, 2011
Napa,47.4,37.8,57.1,2.17,January, 2011
Napa,48.0,41.8,54.3,9.56,December, 2010
Napa,52.2,41.2,63.1,3.37,November, 2010
Napa,62.2,50.6,73.8,3.49,October, 2010
Napa,70.3,54.1,86.4,0.05,September, 2010
Napa,69.4,53.3,85.4,0.0,August, 2010
Napa,70.8,54.8,86.8,0.0,July, 2010
Napa,68.6,54.1,83.0,0.01,June, 2010
Napa,57.7,44.5,71.0,1.72,May, 2010
Napa,52.4,40.8,63.9,4.98,April, 2010
Napa,51.6,39.7,63.4,3.08,March, 2010
Napa,50.0,41.6,58.4,4.98,February, 2010
Napa,47.0,40.4,53.6,11.35,January, 2010
Napa,44.9,36.5,53.4,3.0,December, 2009
Napa,52.6,40.9,64.2,0.91,November, 2009
Napa,60.8,48.8,73.0,4.7,October, 2009
Napa,72.4,55.1,89.7,0.1,September, 2009
Napa,72.6,55.7,89.5,0.0,August, 2009
Napa,72.5,55.3,89.7,0.0,July, 2009
Napa,67.2,52.6,81.9,0.06,June, 2009
Napa,64.4,50.2,78.4,1.95,May, 2009
Napa,56.1,42.2,70.1,0.73,April, 2009
Napa,51.9,40.2,63.6,3.19,March, 2009
Napa,48.0,39.3,56.5,10.1,February, 2009
Napa,49.3,37.6,61.0,0.86,January, 2009
Napa,44.2,34.9,53.5,3.37,December, 2008
Napa,55.4,45.1,65.8,3.12,November, 2008
Napa,63.8,48.9,78.7,1.06,October, 2008
Napa,70.3,53.4,87.1,0.01,September, 2008
Napa,73.9,56.7,91.2,0.0,August, 2008
Napa,73.0,56.5,89.6,0.0,July, 2008
Napa,70.0,53.3,86.8,0.0,June, 2008
Napa,63.6,49.1,78.0,0.12,May, 2008
Napa,55.4,40.5,70.2,0.16,April, 2008
Napa,52.4,39.2,65.5,0.2,March, 2008
Napa,48.8,38.0,59.6,4.17,February, 2008
Napa,44.7,37.4,52.0,12.92,January, 2008
Napa,45.3,36.2,54.3,4.59,December, 2007
Napa,54.8,42.1,67.5,0.76,November, 2007
Napa,59.8,47.5,72.2,2.2,October, 2007
Napa,67.4,52.8,82.0,0.17,September, 2007
Napa,72.8,56.0,89.5,0.0,August, 2007
Napa,72.7,56.3,89.0,0.05,July, 2007
Napa,68.9,52.8,85.1,0.0,June, 2007
Napa,63.6,48.6,78.6,0.43,May, 2007
Napa,57.4,43.8,71.0,1.79,April, 2007
Napa,56.1,42.4,69.9,0.26,March, 2007
Napa,49.0,39.7,58.2,6.9,February, 2007
Napa,45.4,33.0,57.7,0.38,January, 2007
Napa,46.6,36.9,56.4,5.05,December, 2006
Napa,52.5,42.8,62.2,2.62,November, 2006
Napa,60.7,47.1,74.2,0.31,October, 2006
Napa,69.0,53.0,85.0,0.0,September, 2006
Napa,70.6,54.6,86.7,0.0,August, 2006
Napa,76.4,59.2,93.6,0.0,July, 2006
Napa,71.2,55.6,86.7,0.01,June, 2006
Napa,63.5,49.3,77.6,0.83,May, 2006
Napa,54.4,44.8,63.9,6.24,April, 2006
Napa,46.5,38.0,55.0,9.27,March, 2006
Napa,50.2,38.5,62.0,4.67,February, 2006
Napa,48.0,39.2,56.7,5.07,January, 2006
Napa,49.0,41.0,57.0,17.47,December, 2005
Napa,54.6,42.9,66.3,2.53,November, 2005
Napa,61.8,48.1,75.4,0.68,October, 2005
Napa,66.5,51.3,81.8,0.01,September, 2005
Napa,72.8,55.6,89.9,0.0,August, 2005
Napa,75.1,58.2,92.1,0.0,July, 2005
Napa,65.6,52.2,79.0,0.73,June, 2005
Napa,61.6,49.5,73.7,3.82,May, 2005
Napa,54.5,41.9,67.1,1.67,April, 2005
Napa,54.5,43.6,65.5,5.56,March, 2005
Napa,51.0,42.5,59.6,4.53,February, 2005
Napa,45.3,37.7,52.9,6.13,January, 2005
Napa,47.9,39.3,56.5,9.45,December, 2004
Napa,51.6,41.8,61.4,2.77,November, 2004
Napa,60.6,48.7,72.6,3.89,October, 2004
Napa,71.2,54.7,87.6,0.08,September, 2004
Napa,73.1,57.0,89.2,0.0,August, 2004
Napa,72.0,56.5,87.6,0.0,July, 2004
Napa,68.8,53.0,84.6,0.03,June, 2004
Napa,63.0,48.6,77.3,0.06,May, 2004
Napa,58.8,45.0,72.5,0.41,April, 2004
Napa,59.3,45.7,72.9,1.37,March, 2004
Napa,48.4,39.6,57.2,9.34,February, 2004
Napa,46.2,38.5,53.9,3.83,January, 2004
Napa,47.0,39.9,54.0,11.72,December, 2003
Napa,49.6,40.3,58.9,3.19,November, 2003
Napa,65.9,49.9,81.9,0.04,October, 2003
Napa,71.9,55.7,88.1,0.02,September, 2003
Napa,72.2,56.3,88.1,0.41,August, 2003
Napa,75.4,58.0,92.7,0.0,July, 2003
Napa,69.3,53.9,84.7,0.0,June, 2003
Napa,62.0,48.0,75.9,1.19,May, 2003
Napa,51.0,40.7,61.3,5.17,April, 2003
Napa,54.0,42.3,65.8,3.07,March, 2003
Napa,49.1,38.1,60.0,2.2,February, 2003
Napa,51.2,43.5,58.9,3.44,January, 2003
Napa,47.9,40.4,55.4,17.47,December, 2002
Napa,54.7,43.0,66.4,3.86,November, 2002
Napa,61.8,47.3,76.4,0.01,October, 2002
Napa,70.2,53.2,87.2,0.0,September, 2002
Napa,71.6,55.0,88.2,0.0,August, 2002
Napa,73.0,56.5,89.4,0.0,July, 2002
Napa,69.8,53.9,85.6,0.0,June, 2002
Napa,61.4,46.9,75.9,1.2,May, 2002
Napa,56.3,44.2,68.3,0.35,April, 2002
Napa,51.3,39.3,63.2,2.79,March, 2002
Napa,50.4,38.9,61.8,1.72,February, 2002
Napa,45.1,35.8,54.4,4.27,January, 2002
Napa,47.2,40.9,53.6,11.86,December, 2001
Napa,54.0,44.9,63.2,7.06,November, 2001
Napa,64.9,51.0,78.8,0.92,October, 2001
Napa,68.8,53.4,84.2,0.35,September, 2001
Napa,72.5,55.7,89.2,0.0,August, 2001
Napa,71.3,55.5,87.1,0.0,July, 2001
Napa,70.9,54.7,87.1,0.18,June, 2001
Napa,69.3,52.8,85.8,0.0,May, 2001
Napa,53.7,40.7,66.8,1.04,April, 2001
Napa,55.4,43.2,67.6,2.74,March, 2001
Napa,47.4,38.1,56.8,8.0,February, 2001
Napa,45.5,35.0,56.0,5.67,January, 2001
Napa,48.2,38.1,58.4,1.02,December, 2000
Napa,48.8,38.3,59.3,1.29,November, 2000
Napa,60.4,48.2,72.5,3.35,October, 2000
Napa,69.7,54.6,84.9,0.24,September, 2000
Napa,72.2,55.7,88.6,0.0,August, 2000
Napa,69.8,54.0,85.7,0.0,July, 2000
Napa,70.1,54.8,85.4,0.26,June, 2000
Napa,63.1,49.8,76.3,1.5,May, 2000
Napa,58.2,45.2,71.3,2.21,April, 2000
Napa,53.4,42.0,64.8,3.13,March, 2000
Napa,49.5,42.4,56.7,11.3,February, 2000
Napa,47.8,39.6,55.9,6.94,January, 2000
Napa,48.8,36.7,60.9,0.67,December, 1999
Napa,54.0,44.1,63.8,3.56,November, 1999
Napa,64.6,49.3,80.0,0.81,October, 1999
Napa,70.2,54.8,85.7,0.05,September, 1999
Napa,71.0,55.9,86.1,0.01,August, 1999
Napa,70.0,53.9,86.0,0.0,July, 1999
Napa,66.9,51.7,82.1,0.15,June, 1999
Napa,60.0,45.9,74.1,0.1,May, 1999
Napa,55.2,42.8,67.7,2.45,April, 1999
Napa,48.2,37.9,58.3,3.96,March, 1999
Napa,46.5,37.5,55.5,10.02,February, 1999
Napa,46.0,36.8,55.3,3.62,January, 1999
Napa,44.3,33.7,54.8,1.82,December, 1998
Napa,50.6,41.8,59.3,6.15,November, 1998
Napa,60.4,46.8,74.0,0.88,October, 1998
Napa,70.4,57.0,83.8,0.19,September, 1998
Napa,75.0,57.5,92.4,0.0,August, 1998
Napa,72.7,56.8,88.6,0.0,July, 1998
Napa,64.9,53.0,76.9,0.06,June, 1998
Napa,55.5,45.9,65.2,4.0,May, 1998
Napa,54.3,42.6,66.0,3.08,April, 1998
Napa,52.2,41.4,63.1,2.98,March, 1998
Napa,47.2,40.5,53.9,17.63,February, 1998
Napa,47.9,42.0,53.9,10.47,January, 1998
Napa,47.2,38.2,56.2,3.36,December, 1997
Napa,54.5,45.6,63.4,7.79,November, 1997
Napa,61.9,48.8,75.0,1.25,October, 1997
Napa,71.4,56.0,86.7,0.17,September, 1997
Napa,72.1,57.0,87.1,0.55,August, 1997
Napa,72.8,56.5,89.1,0.0,July, 1997
Napa,69.2,54.5,83.8,0.3,June, 1997
Napa,67.2,52.1,82.3,0.53,May, 1997
Napa,58.4,46.0,70.9,0.67,April, 1997
Napa,55.5,42.4,68.5,1.16,March, 1997
Napa,51.4,40.5,62.2,0.46,February, 1997
Napa,47.2,39.9,54.5,13.52,January, 1997
Napa,49.2,42.1,56.4,13.88,December, 1996
Napa,54.1,44.4,63.8,3.82,November, 1996
Napa,62.0,48.5,75.4,1.51,October, 1996
Napa,68.1,52.6,83.7,0.05,September, 1996
Napa,74.6,57.1,92.2,0.0,August, 1996
Napa,75.4,58.5,92.4,0.0,July, 1996
Napa,69.5,53.6,85.3,0.01,June, 1996
Napa,62.3,49.2,75.4,3.42,May, 1996
Napa,57.4,45.1,69.7,3.63,April, 1996
Napa,53.9,42.1,65.7,3.24,March, 1996
Napa,51.3,43.2,59.4,10.05,February, 1996
Napa,47.6,39.0,56.1,9.04,January, 1996
Napa,49.6,41.7,57.4,10.66,December, 1995
Napa,57.5,44.6,70.4,0.14,November, 1995
Napa,64.0,48.9,79.1,0.01,October, 1995
Napa,69.5,54.0,85.0,0.0,September, 1995
Napa,72.8,56.0,89.6,0.0,August, 1995
Napa,72.3,57.0,87.6,0.0,July, 1995
Napa,66.5,52.8,80.2,0.74,June, 1995
Napa,59.4,48.0,70.8,2.1,May, 1995
Napa,54.8,43.4,66.2,2.02,April, 1995
Napa,50.4,41.4,59.3,14.54,March, 1995
Napa,52.0,42.9,61.1,0.75,February, 1995
Napa,48.6,44.0,53.3,22.17,January, 1995
Napa,43.1,35.0,51.1,4.17,December, 1994
Napa,46.1,36.4,55.7,6.47,November, 1994
Napa,61.0,46.8,75.2,0.98,October, 1994
Napa,69.0,53.3,84.7,0.01,September, 1994
Napa,72.0,54.0,90.0,0.0,August, 1994
Napa,71.2,55.0,87.5,0.0,July, 1994
Napa,68.3,51.6,85.0,0.02,June, 1994
Napa,61.4,48.5,74.3,1.3,May, 1994
Napa,57.1,44.0,70.2,1.65,April, 1994
Napa,54.4,41.5,67.2,0.31,March, 1994
Napa,46.6,36.4,56.8,5.34,February, 1994
Napa,47.8,37.5,58.0,2.96,January, 1994
Napa,45.1,35.9,54.3,4.19,December, 1993
Napa,52.1,39.8,64.4,3.22,November, 1993
Napa,63.4,50.9,75.9,1.22,October, 1993
Napa,69.3,52.5,86.1,0.0,September, 1993
Napa,72.0,55.7,88.2,0.0,August, 1993
Napa,71.8,56.3,87.4,0.0,July, 1993
Napa,69.3,54.7,83.9,1.0,June, 1993
Napa,61.4,49.7,73.0,1.81,May, 1993
Napa,55.8,44.1,67.5,1.43,April, 1993
Napa,55.0,45.0,65.1,2.74,March, 1993
Napa,46.8,38.3,55.4,7.57,February, 1993
Napa,43.8,35.0,52.5,13.75,January, 1993
Napa,43.9,35.6,52.2,10.8,December, 1992
Napa,53.7,42.2,65.2,0.4,November, 1992
Napa,64.8,51.5,78.1,3.41,October, 1992
Napa,70.2,54.2,86.2,0.0,September, 1992
Napa,74.1,57.2,91.0,0.0,August, 1992
Napa,72.0,56.5,87.6,0.0,July, 1992
Napa,67.4,53.8,81.0,0.86,June, 1992
Napa,66.9,52.0,81.8,0.04,May, 1992
Napa,59.5,46.6,72.3,1.13,April, 1992
Napa,53.4,43.7,63.2,4.93,March, 1992
Napa,52.2,43.1,61.1,9.18,February, 1992
Napa,44.3,35.2,53.5,2.45,January, 1992
Napa,46.6,36.5,56.6,3.19,December, 1991
Napa,54.9,42.9,66.8,1.13,November, 1991
Napa,66.2,51.1,81.3,2.1,October, 1991
Napa,71.5,55.1,87.8,0.0,September, 1991
Napa,69.7,54.6,84.8,0.19,August, 1991
Napa,72.7,56.9,88.6,0.0,July, 1991
Napa,65.5,50.4,80.5,0.5,June, 1991
Napa,59.1,45.6,72.6,0.21,May, 1991
Napa,54.4,42.0,66.8,0.4,April, 1991
Napa,47.6,38.9,56.3,13.37,March, 1991
Napa,53.4,41.3,65.4,4.07,February, 1991
Napa,46.5,35.3,57.8,0.61,January, 1991
Napa,41.5,29.4,53.6,1.05,December, 1990
Napa,52.8,40.0,65.6,0.48,November, 1990
Napa,64.3,48.5,80.0,0.48,October, 1990
Napa,70.0,54.5,85.5,0.22,September, 1990
Napa,72.9,58.3,87.6,0.01,August, 1990
Napa,73.4,57.6,89.2,0.0,July, 1990
Napa,68.1,52.7,83.6,0.01,June, 1990
Napa,60.9,48.0,73.7,3.74,May, 1990
Napa,59.4,46.9,72.0,0.25,April, 1990
Napa,52.5,40.6,64.3,1.25,March, 1990
Napa,45.6,34.5,56.8,3.54,February, 1990
Napa,45.6,35.8,55.4,5.62,January, 1990
Napa,46.3,34.5,58.1,0.0,December, 1989
Napa,54.0,41.0,67.1,1.66,November, 1989
Napa,60.3,47.3,73.3,3.16,October, 1989
Napa,66.7,52.8,80.6,1.52,September, 1989
Napa,70.4,54.6,86.1,0.03,August, 1989
Napa,72.4,54.9,90.0,0.0,July, 1989
Napa,68.0,53.9,82.0,0.23,June, 1989
Napa,61.5,47.5,75.4,0.08,May, 1989
Napa,59.4,46.6,72.2,0.76,April, 1989
Napa,51.7,43.0,60.4,8.75,March, 1989
Napa,44.6,34.2,54.9,1.24,February, 1989
Napa,44.8,34.2,55.5,1.28,January, 1989
Napa,46.4,36.5,56.2,3.99,December, 1988
Napa,51.9,43.6,60.2,4.94,November, 1988
Napa,64.0,49.9,78.1,0.13,October, 1988
Napa,69.6,53.2,86.0,0.0,September, 1988
Napa,72.1,56.2,87.8,0.0,August, 1988
Napa,76.0,59.2,92.8,0.0,July, 1988
Napa,67.3,52.9,81.8,0.41,June, 1988
Napa,60.1,46.2,74.0,1.03,May, 1988
Napa,56.7,44.8,68.6,2.16,April, 1988
Napa,54.8,41.0,68.6,0.18,March, 1988
Napa,52.0,38.6,65.3,0.55,February, 1988
Napa,46.5,37.9,55.1,7.0,January, 1988
Napa,45.4,38.8,52.0,8.98,December, 1987
Napa,51.9,42.3,61.5,3.29,November, 1987
Napa,65.1,51.7,78.4,1.6,October, 1987
Napa,69.3,53.3,85.3,0.0,September, 1987
Napa,71.3,55.4,87.1,0.0,August, 1987
Napa,68.4,53.6,83.2,0.0,July, 1987
Napa,68.9,53.3,84.6,0.01,June, 1987
Napa,65.1,50.7,79.4,0.12,May, 1987
Napa,60.1,44.8,75.3,0.16,April, 1987
Napa,51.0,40.1,61.9,4.98,March, 1987
Napa,49.6,39.3,60.0,5.25,February, 1987
Napa,44.8,35.2,54.5,3.84,January, 1987
Napa,46.1,36.6,55.6,1.97,December, 1986
Napa,55.4,41.9,68.8,0.13,November, 1986
Napa,62.4,49.2,75.6,0.31,October, 1986
Napa,63.7,51.0,76.3,1.32,September, 1986
Napa,72.1,55.6,88.6,0.0,August, 1986
Napa,71.2,55.3,87.1,0.0,July, 1986
Napa,69.2,54.4,83.9,0.0,June, 1986
Napa,62.5,48.6,76.4,0.59,May, 1986
Napa,56.3,43.9,68.7,0.8,April, 1986
Napa,55.8,45.0,66.6,7.77,March, 1986
Napa,51.8,43.6,60.0,19.53,February, 1986
Napa,49.2,41.4,56.9,6.87,January, 1986
Napa,44.0,35.6,52.3,3.72,December, 1985
Napa,48.0,38.1,57.8,4.99,November, 1985
Napa,61.3,48.1,74.6,1.14,October, 1985
Napa,64.8,51.8,77.8,0.92,September, 1985
Napa,69.8,53.2,86.3,0.02,August, 1985
Napa,75.0,58.8,91.2,0.03,July, 1985
Napa,71.7,55.5,87.9,0.05,June, 1985
Napa,60.6,46.0,75.3,0.02,May, 1985
Napa,60.0,46.8,73.3,0.16,April, 1985
Napa,48.5,37.7,59.3,4.86,March, 1985
Napa,50.3,38.0,62.6,3.77,February, 1985
Napa,43.0,34.0,52.0,1.38,January, 1985
Napa,43.5,35.3,51.6,2.24,December, 1984
Napa,49.2,41.2,57.2,10.01,November, 1984
Napa,58.8,47.2,70.5,2.05,October, 1984
Napa,73.2,56.3,90.1,0.1,September, 1984
Napa,72.7,56.0,89.4,0.47,August, 1984
Napa,75.2,58.9,91.6,0.01,July, 1984
Napa,68.5,53.0,84.0,0.25,June, 1984
Napa,65.9,50.9,81.0,0.13,May, 1984
Napa,54.8,42.5,67.0,1.13,April, 1984
Napa,55.2,43.4,66.9,2.29,March, 1984
Napa,47.8,38.0,57.5,2.52,February, 1984
Napa,47.7,38.2,57.1,0.6,January, 1984
Napa,48.0,42.4,53.4,11.8,December, 1983
Napa,50.5,42.7,58.3,10.88,November, 1983
Napa,63.6,50.5,76.7,1.14,October, 1983
Napa,71.4,56.8,86.0,0.56,September, 1983
Napa,72.9,57.8,88.0,0.42,August, 1983
Napa,71.1,55.7,86.4,0.0,July, 1983
Napa,68.1,53.0,83.1,0.07,June, 1983
Napa,61.4,47.7,75.0,0.65,May, 1983
Napa,52.1,42.2,62.0,4.41,April, 1983
Napa,50.7,43.6,57.8,14.11,March, 1983
Napa,50.0,43.1,56.7,11.94,February, 1983
Napa,45.0,37.7,52.4,10.03,January, 1983
Napa,45.7,37.7,53.6,4.66,December, 1982
Napa,48.2,39.6,56.8,8.63,November, 1982
Napa,60.9,48.3,73.5,3.94,October, 1982
Napa,68.2,54.2,82.2,1.35,September, 1982
Napa,71.6,55.3,87.9,0.02,August, 1982
Napa,70.7,54.7,86.6,0.02,July, 1982
Napa,64.5,51.4,77.6,0.12,June, 1982
Napa,62.6,47.7,77.5,0.0,May, 1982
Napa,53.3,42.4,64.2,6.1,April, 1982
Napa,48.3,39.1,57.6,8.89,March, 1982
Napa,49.2,39.1,59.2,5.34,February, 1982
Napa,42.3,33.7,50.8,9.23,January, 1982
Napa,48.7,42.2,55.1,9.36,December, 1981
Napa,54.2,46.4,62.0,9.49,November, 1981
Napa,58.8,46.2,71.4,3.31,October, 1981
Napa,69.5,54.8,84.3,0.39,September, 1981
Napa,72.2,55.7,88.8,0.0,August, 1981
Napa,72.6,55.2,90.0,0.01,July, 1981
Napa,74.3,58.1,90.4,0.0,June, 1981
Napa,63.4,49.6,77.2,0.36,May, 1981
Napa,57.4,44.2,70.6,0.52,April, 1981
Napa,50.9,41.5,60.4,4.08,March, 1981
Napa,50.4,40.9,59.9,2.24,February, 1981
Napa,47.6,40.4,54.7,7.71,January, 1981
Napa,47.5,37.7,57.2,5.52,December, 1980
Napa,53.7,41.6,65.9,0.35,November, 1980
Napa,63.1,48.3,77.9,0.28,October, 1980
Napa,67.3,52.1,82.5,0.02,September, 1980
Napa,69.3,53.7,84.8,0.0,August, 1980
Napa,71.8,55.5,88.1,0.06,July, 1980
Napa,63.3,48.5,78.1,0.13,June, 1980
Napa,58.8,45.1,72.4,0.45,May, 1980
Napa,55.2,43.1,67.2,1.98,April, 1980
Napa,50.5,39.4,61.6,2.5,March, 1980
Napa,51.1,43.6,58.6,11.61,February, 1980
Napa,46.5,38.8,54.3,8.53,January, 1980
Placer,42.0,31.9,52.1,3.84,December, 2020
Placer,46.2,34.7,57.7,4.11,November, 2020
Placer,63.1,48.4,77.8,0.02,October, 2020
Placer,69.9,55.5,84.2,0.01,September, 2020
Placer,74.0,59.5,88.6,0.07,August, 2020
Placer,72.1,56.8,87.4,0.06,July, 2020
Placer,65.2,50.8,79.6,0.27,June, 2020
Placer,58.3,45.6,71.0,2.5,May, 2020
Placer,51.2,39.6,62.7,3.52,April, 2020
Placer,42.5,33.2,51.8,6.63,March, 2020
Placer,45.6,33.4,57.8,0.13,February, 2020
Placer,41.0,32.4,49.5,3.79,January, 2020
Placer,40.8,33.6,48.1,9.61,December, 2019
Placer,49.6,38.0,61.2,2.09,November, 2019
Placer,54.1,39.9,68.3,0.13,October, 2019
Placer,62.7,49.2,76.1,1.72,September, 2019
Placer,71.7,56.8,86.6,0.01,August, 2019
Placer,70.4,55.8,84.9,0.03,July, 2019
Placer,66.3,52.2,80.4,0.23,June, 2019
Placer,53.6,41.9,65.2,5.48,May, 2019
Placer,52.4,41.0,63.8,2.71,April, 2019
Placer,42.6,33.4,51.7,7.68,March, 2019
Placer,34.8,27.4,42.2,20.49,February, 2019
Placer,42.3,33.6,51.0,11.64,January, 2019
Placer,40.4,31.8,49.1,4.1,December, 2018
Placer,48.9,37.8,60.1,6.3,November, 2018
Placer,56.9,44.0,69.7,0.9,October, 2018
Placer,66.0,51.0,81.0,0.02,September, 2018
Placer,71.1,55.6,86.6,0.01,August, 2018
Placer,75.1,60.1,90.1,0.09,July, 2018
Placer,66.4,51.2,81.7,0.06,June, 2018
Placer,57.9,45.4,70.4,2.13,May, 2018
Placer,50.2,38.0,62.4,5.05,April, 2018
Placer,42.3,32.4,52.2,15.13,March, 2018
Placer,41.2,29.5,53.0,1.36,February, 2018
Placer,44.0,35.5,52.6,7.27,January, 2018
Placer,44.4,33.2,55.5,0.81,December, 2017
Placer,47.2,39.2,55.3,11.12,November, 2017
Placer,56.9,42.4,71.5,0.85,October, 2017
Placer,64.7,51.6,77.9,0.91,September, 2017
Placer,73.6,58.7,88.5,0.27,August, 2017
Placer,73.7,57.8,89.6,0.01,July, 2017
Placer,66.7,52.3,81.0,0.56,June, 2017
Placer,58.6,45.2,72.0,1.08,May, 2017
Placer,48.2,37.6,58.8,7.91,April, 2017
Placer,47.1,36.7,57.5,6.08,March, 2017
Placer,41.2,34.0,48.4,21.21,February, 2017
Placer,37.4,30.0,44.7,25.03,January, 2017
Placer,39.2,30.1,48.2,9.75,December, 2016
Placer,47.4,37.5,57.2,4.25,November, 2016
Placer,53.8,43.6,64.1,10.95,October, 2016
Placer,65.3,50.6,79.9,0.06,September, 2016
Placer,71.5,55.9,87.1,0.04,August, 2016
Placer,71.2,55.6,86.8,0.0,July, 2016
Placer,67.3,52.3,82.3,0.08,June, 2016
Placer,57.3,45.0,69.6,2.18,May, 2016
Placer,52.6,40.6,64.5,3.4,April, 2016
Placer,46.4,36.8,56.0,12.08,March, 2016
Placer,47.4,35.8,59.0,2.12,February, 2016
Placer,40.0,32.4,47.6,12.37,January, 2016
Placer,37.4,29.3,45.4,10.15,December, 2015
Placer,42.2,32.0,52.4,4.98,November, 2015
Placer,60.6,48.2,73.0,1.83,October, 2015
Placer,67.2,53.0,81.3,0.15,September, 2015
Placer,70.7,55.7,85.8,0.06,August, 2015
Placer,70.6,56.7,84.5,0.3,July, 2015
Placer,69.6,54.8,84.3,0.77,June, 2015
Placer,56.3,44.3,68.4,1.93,May, 2015
Placer,51.0,38.1,63.9,3.23,April, 2015
Placer,51.8,39.5,64.2,0.75,March, 2015
Placer,48.9,38.3,59.6,6.73,February, 2015
Placer,46.0,35.6,56.3,0.12,January, 2015
Placer,42.2,35.3,49.1,10.63,December, 2014
Placer,48.5,38.4,58.7,4.13,November, 2014
Placer,59.1,45.7,72.6,1.35,October, 2014
Placer,66.6,52.7,80.4,1.33,September, 2014
Placer,69.9,56.1,83.8,0.47,August, 2014
Placer,74.0,59.3,88.7,0.23,July, 2014
Placer,66.6,51.4,81.8,0.01,June, 2014
Placer,59.1,45.7,72.6,1.21,May, 2014
Placer,52.0,39.2,64.8,2.53,April, 2014
Placer,47.8,37.3,58.3,6.33,March, 2014
Placer,44.5,35.4,53.5,11.55,February, 2014
Placer,46.7,34.9,58.6,2.26,January, 2014
Placer,41.0,29.4,52.6,1.12,December, 2013
Placer,48.7,37.7,59.6,1.58,November, 2013
Placer,54.6,41.0,68.1,0.8,October, 2013
Placer,63.4,50.3,76.5,1.5,September, 2013
Placer,69.1,54.2,83.9,0.06,August, 2013
Placer,73.2,58.1,88.4,0.05,July, 2013
Placer,66.4,52.1,80.8,1.45,June, 2013
Placer,58.1,44.9,71.3,1.75,May, 2013
Placer,52.9,39.6,66.1,1.33,April, 2013
Placer,48.2,36.5,59.8,3.14,March, 2013
Placer,41.2,29.4,53.0,0.59,February, 2013
Placer,38.8,27.6,49.9,1.23,January, 2013
Placer,37.3,29.8,44.7,13.49,December, 2012
Placer,47.7,38.4,57.0,9.74,November, 2012
Placer,57.1,44.6,69.7,2.48,October, 2012
Placer,69.0,53.7,84.2,0.11,September, 2012
Placer,73.3,57.5,89.1,0.2,August, 2012
Placer,69.9,54.8,85.0,0.2,July, 2012
Placer,63.3,48.8,77.7,0.78,June, 2012
Placer,58.0,44.2,71.9,0.47,May, 2012
Placer,49.9,38.2,61.6,5.72,April, 2012
Placer,42.8,33.6,51.9,12.07,March, 2012
Placer,41.8,31.2,52.5,2.85,February, 2012
Placer,42.9,32.0,53.8,6.86,January, 2012
Placer,41.2,30.3,52.0,0.15,December, 2011
Placer,44.6,34.2,54.9,2.19,November, 2011
Placer,56.3,44.3,68.2,3.48,October, 2011
Placer,68.4,53.4,83.4,0.4,September, 2011
Placer,69.3,53.9,84.7,0.03,August, 2011
Placer,67.9,53.4,82.3,0.09,July, 2011
Placer,60.0,47.2,72.8,2.71,June, 2011
Placer,50.7,38.6,62.7,3.52,May, 2011
Placer,46.4,35.3,57.6,2.89,April, 2011
Placer,41.6,33.2,50.0,16.05,March, 2011
Placer,38.5,28.1,48.9,6.59,February, 2011
Placer,41.6,31.7,51.6,2.04,January, 2011
Placer,40.7,33.6,47.8,15.49,December, 2010
Placer,44.0,33.8,54.2,7.32,November, 2010
Placer,56.0,44.9,67.1,8.07,October, 2010
Placer,65.6,50.4,80.7,0.03,September, 2010
Placer,67.6,52.3,83.0,0.1,August, 2010
Placer,71.0,55.5,86.4,0.02,July, 2010
Placer,63.3,49.8,76.8,0.29,June, 2010
Placer,49.9,37.9,62.0,3.36,May, 2010
Placer,44.6,33.8,55.4,7.23,April, 2010
Placer,43.6,32.6,54.5,5.38,March, 2010
Placer,42.7,34.2,51.2,5.79,February, 2010
Placer,41.0,33.6,48.3,8.66,January, 2010
Placer,37.4,28.4,46.4,6.83,December, 2009
Placer,46.7,35.7,57.8,1.75,November, 2009
Placer,53.3,41.0,65.6,4.22,October, 2009
Placer,68.6,53.5,83.6,0.07,September, 2009
Placer,69.8,54.7,85.0,0.12,August, 2009
Placer,72.2,56.6,87.8,0.05,July, 2009
Placer,62.6,49.5,75.8,0.81,June, 2009
Placer,60.9,47.7,74.0,4.51,May, 2009
Placer,48.8,36.2,61.4,1.65,April, 2009
Placer,43.1,32.3,54.0,7.02,March, 2009
Placer,40.7,32.1,49.4,8.41,February, 2009
Placer,42.9,32.0,53.8,3.6,January, 2009
Placer,38.0,28.8,47.2,6.03,December, 2008
Placer,49.4,39.4,59.4,4.52,November, 2008
Placer,57.0,43.4,70.5,1.7,October, 2008
Placer,67.1,51.5,82.7,0.01,September, 2008
Placer,72.1,56.6,87.6,0.0,August, 2008
Placer,71.8,56.1,87.5,0.02,July, 2008
Placer,65.6,50.2,81.0,0.0,June, 2008
Placer,57.3,44.4,70.3,1.07,May, 2008
Placer,48.2,34.9,61.4,0.42,April, 2008
Placer,44.9,33.2,56.5,1.47,March, 2008
Placer,41.1,30.6,51.6,5.94,February, 2008
Placer,36.5,29.0,44.0,12.52,January, 2008
Placer,37.0,28.4,45.6,6.44,December, 2007
Placer,49.2,37.6,60.8,1.38,November, 2007
Placer,53.0,41.4,64.5,3.14,October, 2007
Placer,61.8,48.0,75.6,1.02,September, 2007
Placer,71.2,55.9,86.5,0.06,August, 2007
Placer,71.8,56.4,87.2,0.03,July, 2007
Placer,65.3,50.2,80.4,0.33,June, 2007
Placer,59.0,44.6,73.3,1.11,May, 2007
Placer,50.5,38.0,63.0,3.13,April, 2007
Placer,49.5,36.9,62.2,1.51,March, 2007
Placer,42.0,33.4,50.6,11.4,February, 2007
Placer,37.8,26.1,49.5,1.69,January, 2007
Placer,40.2,31.0,49.4,5.89,December, 2006
Placer,45.7,36.5,54.9,4.39,November, 2006
Placer,54.2,41.1,67.4,0.68,October, 2006
Placer,65.0,49.8,80.3,0.05,September, 2006
Placer,68.9,53.2,84.5,0.02,August, 2006
Placer,74.2,58.9,89.5,0.05,July, 2006
Placer,67.6,53.1,82.1,0.21,June, 2006
Placer,58.9,45.4,72.3,1.25,May, 2006
Placer,47.7,38.0,57.2,10.8,April, 2006
Placer,37.3,29.1,45.5,11.57,March, 2006
Placer,43.1,32.2,53.9,6.39,February, 2006
Placer,40.3,32.0,48.7,8.61,January, 2006
Placer,42.2,34.7,49.6,23.47,December, 2005
Placer,48.2,37.8,58.5,3.85,November, 2005
Placer,55.5,42.8,68.3,1.4,October, 2005
Placer,61.9,47.3,76.5,0.57,September, 2005
Placer,71.9,56.2,87.5,0.12,August, 2005
Placer,74.2,58.9,89.5,0.02,July, 2005
Placer,59.3,46.4,72.2,1.91,June, 2005
Placer,55.2,43.9,66.4,6.42,May, 2005
Placer,46.9,35.4,58.4,3.28,April, 2005
Placer,45.8,35.3,56.2,8.72,March, 2005
Placer,43.2,34.8,51.6,4.53,February, 2005
Placer,39.0,31.4,46.6,8.91,January, 2005
Placer,41.0,32.2,49.8,8.86,December, 2004
Placer,43.7,34.1,53.4,4.09,November, 2004
Placer,53.1,41.8,64.4,6.74,October, 2004
Placer,64.4,49.6,79.2,0.29,September, 2004
Placer,70.3,55.4,85.3,0.05,August, 2004
Placer,71.2,56.3,86.1,0.02,July, 2004
Placer,65.7,51.2,80.2,0.14,June, 2004
Placer,57.0,43.6,70.4,0.94,May, 2004
Placer,52.2,39.8,64.6,0.99,April, 2004
Placer,51.8,39.3,64.2,1.71,March, 2004
Placer,39.3,30.7,48.0,9.98,February, 2004
Placer,39.2,30.7,47.7,4.32,January, 2004
Placer,39.6,32.4,46.9,12.6,December, 2003
Placer,42.0,32.9,51.1,3.36,November, 2003
Placer,61.3,46.7,75.8,0.51,October, 2003
Placer,68.3,53.4,83.1,0.17,September, 2003
Placer,68.8,54.8,82.9,0.89,August, 2003
Placer,74.1,58.7,89.4,0.14,July, 2003
Placer,66.3,51.6,81.1,0.12,June, 2003
Placer,56.2,43.5,69.0,2.02,May, 2003
Placer,42.5,33.4,51.5,9.27,April, 2003
Placer,46.0,35.2,56.9,4.65,March, 2003
Placer,40.8,30.4,51.2,2.84,February, 2003
Placer,45.9,36.9,54.8,3.27,January, 2003
Placer,39.5,32.1,46.8,14.32,December, 2002
Placer,48.3,37.3,59.3,6.48,November, 2002
Placer,55.6,41.4,69.7,0.05,October, 2002
Placer,65.8,50.6,81.0,0.05,September, 2002
Placer,69.5,53.6,85.3,0.03,August, 2002
Placer,72.9,57.4,88.4,0.07,July, 2002
Placer,66.2,51.0,81.3,0.01,June, 2002
Placer,55.8,42.2,69.4,1.79,May, 2002
Placer,49.9,38.5,61.4,2.19,April, 2002
Placer,43.3,32.0,54.5,7.06,March, 2002
Placer,43.8,32.5,55.2,3.65,February, 2002
Placer,37.2,27.7,46.7,4.95,January, 2002
Placer,38.4,31.6,45.1,12.57,December, 2001
Placer,47.0,37.9,56.0,7.77,November, 2001
Placer,60.0,46.3,73.7,1.22,October, 2001
Placer,66.8,51.9,81.7,0.57,September, 2001
Placer,71.7,55.7,87.7,0.01,August, 2001
Placer,69.8,55.1,84.6,0.05,July, 2001
Placer,66.0,51.7,80.2,0.15,June, 2001
Placer,64.4,49.5,79.3,0.16,May, 2001
Placer,46.0,34.4,57.6,4.41,April, 2001
Placer,48.4,37.0,59.8,3.12,March, 2001
Placer,38.6,29.9,47.3,6.82,February, 2001
Placer,38.7,28.7,48.6,4.38,January, 2001
Placer,43.0,33.5,52.4,2.02,December, 2000
Placer,41.7,31.7,51.7,1.94,November, 2000
Placer,53.4,41.9,64.9,4.54,October, 2000
Placer,63.5,49.5,77.5,1.08,September, 2000
Placer,70.2,55.4,85.0,0.06,August, 2000
Placer,67.6,52.4,82.6,0.01,July, 2000
Placer,67.4,52.9,82.0,0.6,June, 2000
Placer,57.0,44.9,69.1,3.4,May, 2000
Placer,52.0,39.5,64.4,2.55,April, 2000
Placer,45.6,34.6,56.5,2.67,March, 2000
Placer,42.1,34.8,49.4,16.02,February, 2000
Placer,40.1,32.9,47.4,13.47,January, 2000
Placer,41.6,30.7,52.6,1.24,December, 1999
Placer,48.4,37.9,59.0,4.31,November, 1999
Placer,59.9,45.2,74.5,2.0,October, 1999
Placer,67.1,52.2,82.0,0.13,September, 1999
Placer,67.0,52.7,81.2,0.41,August, 1999
Placer,68.2,53.2,83.1,0.05,July, 1999
Placer,62.5,48.4,76.6,0.44,June, 1999
Placer,55.2,41.8,68.6,1.22,May, 1999
Placer,46.4,34.9,57.8,3.71,April, 1999
Placer,41.5,31.5,51.5,4.18,March, 1999
Placer,39.0,30.2,47.8,14.13,February, 1999
Placer,40.1,31.5,48.8,10.32,January, 1999
Placer,37.3,27.2,47.5,3.77,December, 1998
Placer,42.9,34.6,51.3,9.3,November, 1998
Placer,52.7,40.2,65.2,1.27,October, 1998
Placer,64.5,52.0,77.0,2.15,September, 1998
Placer,72.2,56.2,88.2,0.14,August, 1998
Placer,70.6,55.5,85.7,0.1,July, 1998
Placer,59.5,47.6,71.5,1.28,June, 1998
Placer,47.8,38.3,57.3,6.16,May, 1998
Placer,46.1,35.6,56.6,4.96,April, 1998
Placer,44.2,33.9,54.4,6.88,March, 1998
Placer,38.0,31.5,44.5,17.33,February, 1998
Placer,40.0,33.2,46.6,14.37,January, 1998
Placer,38.5,29.8,47.1,4.4,December, 1997
Placer,46.6,38.3,54.8,6.29,November, 1997
Placer,53.8,41.1,66.4,2.67,October, 1997
Placer,65.3,51.4,79.2,0.43,September, 1997
Placer,69.2,54.6,83.7,0.38,August, 1997
Placer,69.6,54.8,84.4,0.1,July, 1997
Placer,62.7,50.0,75.5,1.89,June, 1997
Placer,61.6,47.8,75.3,0.82,May, 1997
Placer,49.8,37.9,61.8,1.91,April, 1997
Placer,48.7,36.3,61.1,1.47,March, 1997
Placer,42.3,31.6,53.0,1.24,February, 1997
Placer,39.6,31.8,47.4,21.13,January, 1997
Placer,41.2,35.1,47.4,24.33,December, 1996
Placer,46.6,37.2,56.1,7.68,November, 1996
Placer,54.1,41.5,66.7,2.33,October, 1996
Placer,63.1,48.6,77.6,0.55,September, 1996
Placer,72.1,56.4,87.7,0.16,August, 1996
Placer,73.3,58.1,88.4,0.15,July, 1996
Placer,65.0,50.7,79.2,0.46,June, 1996
Placer,55.4,43.8,67.1,6.63,May, 1996
Placer,50.2,38.0,62.4,5.44,April, 1996
Placer,45.9,34.7,57.1,6.65,March, 1996
Placer,44.0,35.6,52.3,13.29,February, 1996
Placer,41.3,33.5,49.1,12.59,January, 1996
Placer,42.1,34.6,49.6,11.18,December, 1995
Placer,52.4,40.4,64.4,0.69,November, 1995
Placer,58.5,43.9,73.1,0.01,October, 1995
Placer,66.0,50.9,81.0,0.01,September, 1995
Placer,69.4,54.2,84.7,0.01,August, 1995
Placer,67.7,53.0,82.3,0.09,July, 1995
Placer,59.9,47.1,72.6,1.87,June, 1995
Placer,52.7,42.1,63.3,5.2,May, 1995
Placer,46.2,35.2,57.1,6.91,April, 1995
Placer,42.0,33.7,50.4,21.3,March, 1995
Placer,46.4,35.3,57.5,1.57,February, 1995
Placer,40.2,35.1,45.4,20.81,January, 1995
Placer,37.5,29.8,45.3,7.3,December, 1994
Placer,37.6,28.9,46.4,10.6,November, 1994
Placer,53.8,40.7,67.0,1.21,October, 1994
Placer,64.7,50.2,79.3,0.63,September, 1994
Placer,70.6,54.3,86.9,0.0,August, 1994
Placer,72.0,56.2,87.8,0.01,July, 1994
Placer,64.4,49.3,79.6,0.09,June, 1994
Placer,56.1,43.9,68.3,2.31,May, 1994
Placer,50.3,38.3,62.3,2.31,April, 1994
Placer,47.6,35.7,59.6,1.56,March, 1994
Placer,39.0,29.7,48.3,8.05,February, 1994
Placer,41.9,31.6,52.1,2.52,January, 1994
Placer,38.9,30.1,47.8,4.85,December, 1993
Placer,45.4,34.0,56.7,3.26,November, 1993
Placer,57.0,45.0,68.9,2.28,October, 1993
Placer,65.3,49.9,80.7,0.04,September, 1993
Placer,67.6,52.7,82.4,0.13,August, 1993
Placer,66.9,52.3,81.4,0.02,July, 1993
Placer,61.6,48.6,74.6,1.97,June, 1993
Placer,56.0,44.1,67.8,2.65,May, 1993
Placer,48.3,37.4,59.2,2.51,April, 1993
Placer,48.0,38.5,57.5,6.16,March, 1993
Placer,38.7,30.8,46.6,10.84,February, 1993
Placer,36.1,28.1,44.2,14.56,January, 1993
Placer,35.7,27.6,43.8,14.58,December, 1992
Placer,45.6,34.8,56.4,0.75,November, 1992
Placer,58.3,45.6,70.9,4.44,October, 1992
Placer,65.9,50.8,81.0,0.17,September, 1992
Placer,71.9,56.7,87.1,0.16,August, 1992
Placer,68.0,54.1,81.9,0.21,July, 1992
Placer,63.6,50.5,76.7,1.75,June, 1992
Placer,63.0,48.6,77.3,0.28,May, 1992
Placer,53.5,41.2,65.8,1.71,April, 1992
Placer,46.5,36.8,56.2,4.07,March, 1992
Placer,44.3,36.5,52.0,9.85,February, 1992
Placer,40.0,29.9,50.1,2.3,January, 1992
Placer,40.6,30.8,50.4,3.41,December, 1991
Placer,47.5,36.8,58.2,2.97,November, 1991
Placer,60.6,47.3,73.9,4.1,October, 1991
Placer,68.5,53.3,83.8,0.31,September, 1991
Placer,67.8,53.4,82.1,0.59,August, 1991
Placer,71.2,56.2,86.1,0.15,July, 1991
Placer,60.7,46.9,74.5,1.26,June, 1991
Placer,51.4,39.5,63.4,2.85,May, 1991
Placer,46.6,35.1,58.1,1.77,April, 1991
Placer,38.7,30.6,46.8,18.31,March, 1991
Placer,48.0,36.6,59.5,3.24,February, 1991
Placer,40.8,29.9,51.6,0.69,January, 1991
Placer,34.7,23.9,45.5,2.06,December, 1990
Placer,46.0,33.8,58.1,1.5,November, 1990
Placer,58.3,44.2,72.5,0.84,October, 1990
Placer,65.0,50.6,79.4,0.64,September, 1990
Placer,68.8,54.5,83.2,0.25,August, 1990
Placer,71.3,56.4,86.2,0.23,July, 1990
Placer,62.6,48.3,77.0,0.25,June, 1990
Placer,54.1,42.6,65.7,4.8,May, 1990
Placer,53.2,41.0,65.3,2.32,April, 1990
Placer,46.0,34.5,57.5,2.73,March, 1990
Placer,37.0,25.9,48.1,5.69,February, 1990
Placer,38.8,29.0,48.7,6.79,January, 1990
Placer,42.8,31.1,54.6,0.07,December, 1989
Placer,48.0,35.8,60.2,3.89,November, 1989
Placer,53.3,41.3,65.2,5.11,October, 1989
Placer,62.0,48.3,75.7,3.02,September, 1989
Placer,66.4,52.0,80.9,0.79,August, 1989
Placer,69.8,54.2,85.4,0.02,July, 1989
Placer,63.8,50.2,77.4,1.1,June, 1989
Placer,55.5,42.8,68.2,1.24,May, 1989
Placer,53.3,41.0,65.5,2.29,April, 1989
Placer,44.7,36.2,53.2,15.98,March, 1989
Placer,36.9,27.2,46.7,4.19,February, 1989
Placer,37.0,26.2,47.8,2.81,January, 1989
Placer,38.3,29.0,47.6,5.96,December, 1988
Placer,44.0,36.2,51.8,11.14,November, 1988
Placer,61.5,46.4,76.5,0.11,October, 1988
Placer,66.2,50.8,81.6,0.11,September, 1988
Placer,70.9,55.5,86.3,0.04,August, 1988
Placer,73.8,58.3,89.2,0.12,July, 1988
Placer,63.3,49.7,76.9,0.89,June, 1988
Placer,53.9,40.8,67.1,1.83,May, 1988
Placer,50.2,39.0,61.4,3.67,April, 1988
Placer,47.2,34.6,59.7,1.08,March, 1988
Placer,45.6,33.0,58.3,0.64,February, 1988
Placer,39.0,30.4,47.6,6.86,January, 1988
Placer,36.2,29.2,43.2,8.8,December, 1987
Placer,45.1,35.7,54.4,3.37,November, 1987
Placer,60.4,47.0,73.8,1.6,October, 1987
Placer,66.0,50.3,81.6,0.01,September, 1987
Placer,70.0,53.9,86.1,0.0,August, 1987
Placer,65.6,50.8,80.3,0.07,July, 1987
Placer,66.5,51.9,81.2,0.32,June, 1987
Placer,59.0,46.4,71.5,0.98,May, 1987
Placer,55.2,41.2,69.2,0.75,April, 1987
Placer,43.6,33.7,53.6,6.58,March, 1987
Placer,41.4,31.2,51.6,6.34,February, 1987
Placer,36.8,27.4,46.2,5.09,January, 1987
Placer,41.1,31.5,50.7,1.47,December, 1986
Placer,48.5,36.2,60.8,0.82,November, 1986
Placer,55.3,42.3,68.3,0.43,October, 1986
Placer,57.1,45.1,69.1,3.37,September, 1986
Placer,71.5,55.5,87.4,0.01,August, 1986
Placer,68.0,53.7,82.2,0.13,July, 1986
Placer,65.7,51.3,80.1,0.16,June, 1986
Placer,56.3,43.0,69.6,1.41,May, 1986
Placer,49.1,37.7,60.5,1.83,April, 1986
Placer,48.8,38.4,59.2,9.21,March, 1986
Placer,43.5,35.5,51.5,24.76,February, 1986
Placer,45.2,36.4,53.9,7.27,January, 1986
Placer,39.6,29.9,49.2,5.01,December, 1985
Placer,40.8,31.7,49.8,9.19,November, 1985
Placer,54.4,41.8,67.0,1.9,October, 1985
Placer,58.7,46.6,70.8,1.95,September, 1985
Placer,67.3,51.9,82.7,0.19,August, 1985
Placer,72.6,58.0,87.2,0.13,July, 1985
Placer,68.0,53.2,82.8,0.39,June, 1985
Placer,55.6,41.8,69.4,0.08,May, 1985
Placer,53.5,40.5,66.6,0.68,April, 1985
Placer,40.3,29.8,50.7,7.83,March, 1985
Placer,41.8,30.1,53.5,4.67,February, 1985
Placer,38.1,28.3,47.9,1.28,January, 1985
Placer,36.9,27.8,45.9,2.45,December, 1984
Placer,42.0,34.0,50.0,11.94,November, 1984
Placer,50.2,39.1,61.2,4.03,October, 1984
Placer,67.1,52.1,82.2,0.26,September, 1984
Placer,70.3,55.1,85.6,0.26,August, 1984
Placer,73.0,57.9,88.2,0.16,July, 1984
Placer,62.9,49.0,76.8,1.22,June, 1984
Placer,59.6,45.9,73.3,1.03,May, 1984
Placer,47.0,35.2,58.8,3.08,April, 1984
Placer,47.5,36.2,58.8,3.76,March, 1984
Placer,41.2,30.5,51.9,6.2,February, 1984
Placer,42.0,32.1,52.0,0.85,January, 1984
Placer,40.4,34.8,46.0,14.82,December, 1983
Placer,42.9,35.4,50.4,18.3,November, 1983
Placer,57.2,45.0,69.4,2.78,October, 1983
Placer,65.5,51.7,79.3,1.67,September, 1983
Placer,68.9,55.1,82.6,0.66,August, 1983
Placer,65.1,50.1,80.1,0.17,July, 1983
Placer,62.4,48.4,76.3,0.57,June, 1983
Placer,55.4,42.2,68.7,1.26,May, 1983
Placer,43.7,34.1,53.3,7.21,April, 1983
Placer,42.1,34.8,49.5,15.77,March, 1983
Placer,42.1,34.4,49.8,12.92,February, 1983
Placer,40.2,31.6,48.8,9.58,January, 1983
Placer,38.4,29.8,47.0,9.86,December, 1982
Placer,41.9,33.3,50.5,10.67,November, 1982
Placer,53.2,41.8,64.5,7.91,October, 1982
Placer,61.2,48.4,74.0,3.72,September, 1982
Placer,69.0,54.2,83.8,0.13,August, 1982
Placer,67.8,53.3,82.3,0.14,July, 1982
Placer,60.8,47.6,73.8,1.14,June, 1982
Placer,57.6,43.5,71.8,0.44,May, 1982
Placer,45.7,35.0,56.4,9.39,April, 1982
Placer,41.0,32.6,49.4,12.65,March, 1982
Placer,42.6,32.4,52.7,7.66,February, 1982
Placer,35.6,26.5,44.7,10.17,January, 1982
Placer,43.0,36.0,50.0,14.06,December, 1981
Placer,46.9,38.6,55.2,16.75,November, 1981
Placer,51.6,39.9,63.3,5.97,October, 1981
Placer,66.3,51.5,81.1,0.84,September, 1981
Placer,71.2,54.6,87.8,0.01,August, 1981
Placer,70.4,53.5,87.2,0.01,July, 1981
Placer,68.2,53.5,82.9,0.07,June, 1981
Placer,56.9,43.9,69.9,2.14,May, 1981
Placer,51.4,38.5,64.2,1.66,April, 1981
Placer,43.6,34.0,53.2,7.21,March, 1981
Placer,43.1,32.6,53.7,3.23,February, 1981
Placer,42.9,34.3,51.4,9.22,January, 1981
Placer,44.0,33.8,54.1,3.66,December, 1980
Placer,48.2,36.5,60.0,1.61,November, 1980
Placer,57.6,43.6,71.6,1.18,October, 1980
Placer,63.8,49.1,78.6,0.23,September, 1980
Placer,67.5,52.2,82.8,0.07,August, 1980
Placer,69.4,54.9,83.9,0.37,July, 1980
Placer,58.8,45.7,71.8,0.46,June, 1980
Placer,53.5,41.4,65.5,2.16,May, 1980
Placer,49.6,38.0,61.2,3.12,April, 1980
Placer,41.8,31.2,52.4,5.2,March, 1980
Placer,44.4,36.0,52.8,13.98,February, 1980
Placer,41.3,33.8,48.7,16.45,January, 1980
SantaCruz,50.9,38.7,63.1,2.67,December, 2020
SantaCruz,53.6,40.7,66.6,1.45,November, 2020
SantaCruz,65.8,50.6,80.9,0.0,October, 2020
SantaCruz,68.6,54.6,82.5,0.0,September, 2020
SantaCruz,69.8,57.3,82.4,0.05,August, 2020
SantaCruz,65.4,53.6,77.2,0.02,July, 2020
SantaCruz,64.4,51.3,77.6,0.02,June, 2020
SantaCruz,61.4,48.4,74.5,0.99,May, 2020
SantaCruz,56.1,45.6,66.6,3.02,April, 2020
SantaCruz,52.0,42.8,61.3,3.49,March, 2020
SantaCruz,53.0,39.6,66.4,0.02,February, 2020
SantaCruz,51.1,41.4,60.8,2.78,January, 2020
SantaCruz,51.4,44.6,58.2,10.05,December, 2019
SantaCruz,55.0,42.0,68.0,2.14,November, 2019
SantaCruz,61.8,45.4,78.2,0.0,October, 2019
SantaCruz,68.4,53.9,82.9,0.11,September, 2019
SantaCruz,68.7,55.6,81.8,0.02,August, 2019
SantaCruz,66.1,54.0,78.0,0.05,July, 2019
SantaCruz,64.1,52.3,75.8,0.05,June, 2019
SantaCruz,57.7,48.5,66.9,3.52,May, 2019
SantaCruz,57.8,47.2,68.4,0.87,April, 2019
SantaCruz,52.3,42.2,62.3,7.73,March, 2019
SantaCruz,47.2,39.6,54.8,12.83,February, 2019
SantaCruz,52.3,43.8,60.9,8.87,January, 2019
SantaCruz,51.2,41.7,60.6,3.81,December, 2018
SantaCruz,56.7,43.6,69.7,5.08,November, 2018
SantaCruz,62.5,48.4,76.6,0.08,October, 2018
SantaCruz,63.3,50.2,76.3,0.0,September, 2018
SantaCruz,65.9,53.4,78.4,0.0,August, 2018
SantaCruz,67.9,54.6,81.2,0.02,July, 2018
SantaCruz,62.7,49.3,76.1,0.02,June, 2018
SantaCruz,58.6,48.0,69.1,0.08,May, 2018
SantaCruz,55.6,44.4,66.8,3.17,April, 2018
SantaCruz,52.2,41.5,62.9,8.63,March, 2018
SantaCruz,51.4,37.9,64.8,0.36,February, 2018
SantaCruz,52.9,43.5,62.3,6.08,January, 2018
SantaCruz,51.5,37.7,65.3,0.16,December, 2017
SantaCruz,56.6,46.5,66.7,4.05,November, 2017
SantaCruz,62.4,47.2,77.7,0.21,October, 2017
SantaCruz,69.6,56.2,83.1,0.09,September, 2017
SantaCruz,67.9,56.6,79.2,0.01,August, 2017
SantaCruz,65.8,53.1,78.5,0.0,July, 2017
SantaCruz,64.0,51.5,76.4,0.09,June, 2017
SantaCruz,59.0,48.2,69.9,0.05,May, 2017
SantaCruz,55.6,44.5,66.8,4.06,April, 2017
SantaCruz,54.9,43.8,66.0,5.03,March, 2017
SantaCruz,51.7,44.7,58.6,14.61,February, 2017
SantaCruz,48.3,40.4,56.3,19.27,January, 2017
SantaCruz,49.1,40.0,58.2,7.03,December, 2016
SantaCruz,55.5,45.6,65.5,3.05,November, 2016
SantaCruz,60.6,50.2,71.1,5.4,October, 2016
SantaCruz,65.2,51.8,78.6,0.01,September, 2016
SantaCruz,65.6,54.0,77.1,0.03,August, 2016
SantaCruz,65.2,51.9,78.6,0.02,July, 2016
SantaCruz,64.8,50.6,79.1,0.0,June, 2016
SantaCruz,59.8,49.9,69.8,0.25,May, 2016
SantaCruz,58.1,46.6,69.6,1.68,April, 2016
SantaCruz,55.0,45.0,64.9,10.33,March, 2016
SantaCruz,56.2,43.4,69.1,1.16,February, 2016
SantaCruz,51.4,44.6,58.2,11.48,January, 2016
SantaCruz,48.0,38.4,57.4,6.64,December, 2015
SantaCruz,51.9,40.4,63.4,3.77,November, 2015
SantaCruz,65.7,53.1,78.3,0.1,October, 2015
SantaCruz,69.6,54.6,84.5,0.02,September, 2015
SantaCruz,70.3,56.7,83.9,0.06,August, 2015
SantaCruz,68.7,56.8,80.6,0.06,July, 2015
SantaCruz,64.4,52.1,76.8,0.06,June, 2015
SantaCruz,57.5,48.2,66.8,0.29,May, 2015
SantaCruz,56.1,43.6,68.6,1.85,April, 2015
SantaCruz,58.6,44.2,73.0,0.52,March, 2015
SantaCruz,56.3,44.9,67.7,3.65,February, 2015
SantaCruz,54.3,41.0,67.7,0.0,January, 2015
SantaCruz,53.0,46.5,59.5,14.98,December, 2014
SantaCruz,56.3,45.8,66.9,3.91,November, 2014
SantaCruz,64.6,51.5,77.6,0.83,October, 2014
SantaCruz,66.7,55.3,78.1,0.75,September, 2014
SantaCruz,67.6,56.6,78.6,0.01,August, 2014
SantaCruz,67.4,55.6,79.2,0.08,July, 2014
SantaCruz,63.0,49.8,76.3,0.01,June, 2014
SantaCruz,62.2,48.0,76.3,0.05,May, 2014
SantaCruz,57.3,45.1,69.6,1.66,April, 2014
SantaCruz,56.4,44.9,67.8,3.71,March, 2014
SantaCruz,52.5,43.2,61.7,7.44,February, 2014
SantaCruz,55.0,40.8,69.3,0.08,January, 2014
SantaCruz,49.6,35.4,63.7,0.61,December, 2013
SantaCruz,55.3,42.6,68.0,0.89,November, 2013
SantaCruz,59.5,46.0,73.0,0.11,October, 2013
SantaCruz,65.7,52.9,78.6,0.3,September, 2013
SantaCruz,66.8,54.5,79.1,0.01,August, 2013
SantaCruz,65.8,54.4,77.2,0.03,July, 2013
SantaCruz,63.9,50.9,76.9,0.09,June, 2013
SantaCruz,60.1,47.4,72.8,0.03,May, 2013
SantaCruz,57.2,44.7,69.7,0.94,April, 2013
SantaCruz,54.8,42.3,67.3,1.49,March, 2013
SantaCruz,48.7,36.3,61.2,0.56,February, 2013
SantaCruz,48.4,36.4,60.3,1.01,January, 2013
SantaCruz,49.3,41.1,57.5,11.15,December, 2012
SantaCruz,56.6,45.9,67.2,6.55,November, 2012
SantaCruz,62.2,50.6,73.8,0.83,October, 2012
SantaCruz,63.4,50.4,76.5,0.01,September, 2012
SantaCruz,65.8,52.2,79.4,0.01,August, 2012
SantaCruz,64.0,52.8,75.1,0.06,July, 2012
SantaCruz,61.7,48.5,74.8,0.3,June, 2012
SantaCruz,58.4,45.9,70.9,0.06,May, 2012
SantaCruz,55.3,44.5,66.2,3.86,April, 2012
SantaCruz,51.2,40.9,61.4,7.54,March, 2012
SantaCruz,50.4,39.1,61.8,1.54,February, 2012
SantaCruz,50.4,37.5,63.2,4.11,January, 2012
SantaCruz,47.8,35.7,59.8,0.2,December, 2011
SantaCruz,51.9,41.7,62.1,2.7,November, 2011
SantaCruz,62.5,51.5,73.4,2.43,October, 2011
SantaCruz,64.8,53.2,76.4,0.0,September, 2011
SantaCruz,63.6,53.1,74.2,0.01,August, 2011
SantaCruz,64.5,53.3,75.7,0.01,July, 2011
SantaCruz,59.9,49.6,70.2,1.01,June, 2011
SantaCruz,55.6,44.4,66.7,1.62,May, 2011
SantaCruz,53.4,42.3,64.6,0.67,April, 2011
SantaCruz,51.8,42.9,60.6,10.34,March, 2011
SantaCruz,47.7,37.4,58.0,7.1,February, 2011
SantaCruz,50.8,40.0,61.5,2.37,January, 2011
SantaCruz,50.4,43.2,57.4,10.16,December, 2010
SantaCruz,52.4,41.7,63.1,4.09,November, 2010
SantaCruz,60.1,50.0,70.1,2.14,October, 2010
SantaCruz,65.3,51.8,78.8,0.01,September, 2010
SantaCruz,63.2,52.0,74.3,0.04,August, 2010
SantaCruz,62.6,52.5,72.8,0.02,July, 2010
SantaCruz,61.8,49.9,73.7,0.01,June, 2010
SantaCruz,55.7,44.4,66.9,0.9,May, 2010
SantaCruz,51.7,41.6,61.9,5.4,April, 2010
SantaCruz,51.5,40.0,62.9,3.44,March, 2010
SantaCruz,51.1,43.2,59.0,6.14,February, 2010
SantaCruz,50.7,42.6,58.9,9.91,January, 2010
SantaCruz,47.9,39.2,56.5,4.38,December, 2009
SantaCruz,53.2,40.9,65.6,0.31,November, 2009
SantaCruz,59.6,48.9,70.3,5.85,October, 2009
SantaCruz,66.4,53.0,79.8,0.21,September, 2009
SantaCruz,66.0,53.6,78.4,0.02,August, 2009
SantaCruz,64.4,52.2,76.6,0.01,July, 2009
SantaCruz,61.3,50.9,71.7,0.06,June, 2009
SantaCruz,58.8,48.4,69.1,1.05,May, 2009
SantaCruz,53.9,42.3,65.5,0.51,April, 2009
SantaCruz,51.2,40.9,61.5,3.46,March, 2009
SantaCruz,49.6,41.5,57.6,10.77,February, 2009
SantaCruz,51.8,39.8,63.9,1.7,January, 2009
SantaCruz,47.1,37.2,57.0,3.9,December, 2008
SantaCruz,56.5,46.4,66.5,3.09,November, 2008
SantaCruz,62.0,47.8,76.2,0.84,October, 2008
SantaCruz,64.8,51.9,77.8,0.01,September, 2008
SantaCruz,65.3,53.2,77.5,0.01,August, 2008
SantaCruz,64.9,53.1,76.7,0.01,July, 2008
SantaCruz,62.4,48.7,76.1,0.0,June, 2008
SantaCruz,57.4,45.5,69.3,0.0,May, 2008
SantaCruz,53.3,40.2,66.3,0.4,April, 2008
SantaCruz,51.6,39.2,64.0,0.36,March, 2008
SantaCruz,49.4,39.4,59.4,5.3,February, 2008
SantaCruz,46.8,38.8,54.8,13.39,January, 2008
SantaCruz,46.6,37.1,56.0,3.8,December, 2007
SantaCruz,54.6,42.8,66.4,0.65,November, 2007
SantaCruz,58.7,47.2,70.2,1.67,October, 2007
SantaCruz,63.5,51.6,75.5,0.43,September, 2007
SantaCruz,65.6,53.1,78.2,0.01,August, 2007
SantaCruz,65.2,53.4,77.1,0.02,July, 2007
SantaCruz,61.3,48.2,74.4,0.01,June, 2007
SantaCruz,57.5,46.2,68.9,0.37,May, 2007
SantaCruz,54.0,42.7,65.3,1.6,April, 2007
SantaCruz,54.3,42.1,66.5,0.45,March, 2007
SantaCruz,50.0,41.6,58.4,6.96,February, 2007
SantaCruz,46.4,34.7,58.0,1.18,January, 2007
SantaCruz,49.0,39.0,59.1,5.1,December, 2006
SantaCruz,53.9,43.8,63.9,2.47,November, 2006
SantaCruz,59.4,47.7,71.0,0.45,October, 2006
SantaCruz,62.8,51.3,74.2,0.0,September, 2006
SantaCruz,63.9,53.4,74.3,0.0,August, 2006
SantaCruz,67.7,54.2,81.2,0.0,July, 2006
SantaCruz,63.4,51.9,75.0,0.01,June, 2006
SantaCruz,58.8,48.1,69.5,0.76,May, 2006
SantaCruz,52.9,45.6,60.1,7.97,April, 2006
SantaCruz,47.7,40.2,55.3,11.77,March, 2006
SantaCruz,51.0,39.5,62.6,3.2,February, 2006
SantaCruz,49.4,40.7,58.1,5.95,January, 2006
SantaCruz,51.3,43.6,58.9,14.76,December, 2005
SantaCruz,55.5,43.9,67.2,1.92,November, 2005
SantaCruz,59.4,47.5,71.2,0.23,October, 2005
SantaCruz,61.8,50.4,73.2,0.06,September, 2005
SantaCruz,64.6,53.0,76.1,0.01,August, 2005
SantaCruz,65.4,54.1,76.7,0.03,July, 2005
SantaCruz,60.6,50.0,71.2,0.89,June, 2005
SantaCruz,59.0,48.9,69.1,1.55,May, 2005
SantaCruz,53.2,42.3,64.2,2.9,April, 2005
SantaCruz,54.2,44.7,63.8,7.36,March, 2005
SantaCruz,52.3,44.5,60.2,6.06,February, 2005
SantaCruz,49.5,40.8,58.2,7.27,January, 2005
SantaCruz,50.2,40.7,59.7,10.25,December, 2004
SantaCruz,52.1,42.6,61.6,2.34,November, 2004
SantaCruz,58.8,48.7,68.8,5.5,October, 2004
SantaCruz,65.9,51.9,79.8,0.09,September, 2004
SantaCruz,66.1,54.9,77.2,0.01,August, 2004
SantaCruz,64.8,54.3,75.3,0.04,July, 2004
SantaCruz,61.4,49.8,73.1,0.01,June, 2004
SantaCruz,59.0,47.0,71.1,0.08,May, 2004
SantaCruz,56.2,44.6,67.8,0.48,April, 2004
SantaCruz,57.5,44.8,70.3,1.15,March, 2004
SantaCruz,49.2,41.0,57.3,7.61,February, 2004
SantaCruz,48.5,40.1,56.9,3.91,January, 2004
SantaCruz,49.8,42.6,57.1,11.46,December, 2003
SantaCruz,51.3,41.9,60.7,3.46,November, 2003
SantaCruz,62.7,49.2,76.3,0.32,October, 2003
SantaCruz,66.5,54.3,78.8,0.02,September, 2003
SantaCruz,66.9,55.2,78.6,0.04,August, 2003
SantaCruz,65.6,52.5,78.7,0.0,July, 2003
SantaCruz,62.1,50.9,73.4,0.05,June, 2003
SantaCruz,58.1,46.8,69.4,1.25,May, 2003
SantaCruz,51.2,42.0,60.3,5.39,April, 2003
SantaCruz,52.7,41.5,63.9,1.94,March, 2003
SantaCruz,50.0,40.1,60.0,2.48,February, 2003
SantaCruz,54.5,45.0,63.9,1.76,January, 2003
SantaCruz,50.2,42.3,58.1,16.46,December, 2002
SantaCruz,56.0,44.7,67.3,5.25,November, 2002
SantaCruz,59.0,48.0,70.0,0.01,October, 2002
SantaCruz,64.8,52.0,77.5,0.01,September, 2002
SantaCruz,64.7,53.2,76.2,0.05,August, 2002
SantaCruz,64.4,52.4,76.3,0.01,July, 2002
SantaCruz,61.3,49.0,73.7,0.02,June, 2002
SantaCruz,56.4,45.1,67.8,0.98,May, 2002
SantaCruz,53.6,44.4,63.0,0.48,April, 2002
SantaCruz,50.6,40.0,61.2,3.6,March, 2002
SantaCruz,51.6,40.6,62.6,2.29,February, 2002
SantaCruz,46.4,36.6,56.1,2.91,January, 2002
SantaCruz,49.3,41.9,56.7,12.19,December, 2001
SantaCruz,54.5,45.5,63.6,6.79,November, 2001
SantaCruz,61.0,50.0,72.1,0.66,October, 2001
SantaCruz,63.3,52.0,74.6,0.16,September, 2001
SantaCruz,64.8,52.3,77.3,0.03,August, 2001
SantaCruz,63.9,53.4,74.4,0.01,July, 2001
SantaCruz,63.6,49.3,78.0,0.1,June, 2001
SantaCruz,61.9,48.5,75.3,0.0,May, 2001
SantaCruz,51.2,40.6,61.8,2.4,April, 2001
SantaCruz,53.8,43.9,63.8,3.1,March, 2001
SantaCruz,48.7,40.3,57.1,8.2,February, 2001
SantaCruz,47.5,37.1,57.8,6.55,January, 2001
SantaCruz,51.0,40.4,61.5,1.03,December, 2000
SantaCruz,49.8,38.8,60.8,1.21,November, 2000
SantaCruz,58.7,49.7,67.7,4.46,October, 2000
SantaCruz,65.2,52.7,77.7,0.34,September, 2000
SantaCruz,64.6,52.4,76.7,0.15,August, 2000
SantaCruz,63.2,51.6,74.8,0.01,July, 2000
SantaCruz,62.7,51.4,73.9,0.27,June, 2000
SantaCruz,59.5,47.7,71.3,1.13,May, 2000
SantaCruz,55.8,44.6,67.0,2.07,April, 2000
SantaCruz,52.2,41.6,62.8,2.83,March, 2000
SantaCruz,51.4,44.5,58.3,13.77,February, 2000
SantaCruz,49.9,42.6,57.2,12.26,January, 2000
SantaCruz,49.5,37.5,61.6,0.68,December, 1999
SantaCruz,54.2,44.9,63.4,3.73,November, 1999
SantaCruz,61.8,47.8,75.6,0.35,October, 1999
SantaCruz,63.7,52.6,74.7,0.19,September, 1999
SantaCruz,65.0,53.5,76.4,0.05,August, 1999
SantaCruz,63.6,51.8,75.4,0.0,July, 1999
SantaCruz,59.1,47.4,70.9,0.22,June, 1999
SantaCruz,54.7,44.2,65.3,0.08,May, 1999
SantaCruz,52.4,41.8,63.0,2.74,April, 1999
SantaCruz,48.3,39.5,57.1,4.58,March, 1999
SantaCruz,48.0,38.6,57.4,8.96,February, 1999
SantaCruz,49.2,39.2,59.2,7.55,January, 1999
SantaCruz,45.7,35.1,56.2,2.08,December, 1998
SantaCruz,52.2,43.5,61.0,5.71,November, 1998
SantaCruz,58.2,45.6,70.8,0.93,October, 1998
SantaCruz,65.2,54.8,75.5,0.13,September, 1998
SantaCruz,66.9,53.7,80.1,0.0,August, 1998
SantaCruz,65.1,53.8,76.5,0.01,July, 1998
SantaCruz,60.6,52.0,69.2,0.17,June, 1998
SantaCruz,54.8,46.2,63.3,3.93,May, 1998
SantaCruz,52.8,43.0,62.6,3.34,April, 1998
SantaCruz,52.4,43.6,61.2,4.73,March, 1998
SantaCruz,49.4,43.0,55.8,20.32,February, 1998
SantaCruz,51.4,44.7,58.1,14.3,January, 1998
SantaCruz,49.0,39.1,58.9,4.36,December, 1997
SantaCruz,55.6,46.8,64.4,9.63,November, 1997
SantaCruz,60.4,47.6,73.1,0.78,October, 1997
SantaCruz,68.0,54.4,81.6,0.01,September, 1997
SantaCruz,67.3,55.3,79.2,0.31,August, 1997
SantaCruz,64.4,53.2,75.7,0.0,July, 1997
SantaCruz,61.8,49.8,73.8,0.25,June, 1997
SantaCruz,62.6,49.4,75.8,0.25,May, 1997
SantaCruz,56.2,44.5,67.8,0.65,April, 1997
SantaCruz,53.6,41.6,65.6,0.89,March, 1997
SantaCruz,50.8,40.3,61.2,0.31,February, 1997
SantaCruz,50.2,42.8,57.7,13.29,January, 1997
SantaCruz,51.9,44.8,58.9,14.64,December, 1996
SantaCruz,53.9,44.6,63.2,6.41,November, 1996
SantaCruz,59.3,47.0,71.7,1.98,October, 1996
SantaCruz,63.2,50.8,75.4,0.02,September, 1996
SantaCruz,64.8,52.5,77.1,0.0,August, 1996
SantaCruz,65.6,53.5,77.7,0.0,July, 1996
SantaCruz,62.1,49.7,74.5,0.02,June, 1996
SantaCruz,59.8,48.3,71.3,3.1,May, 1996
SantaCruz,57.2,45.2,69.1,2.01,April, 1996
SantaCruz,54.2,43.9,64.5,3.96,March, 1996
SantaCruz,53.7,45.9,61.4,10.63,February, 1996
SantaCruz,51.1,42.1,60.0,9.67,January, 1996
SantaCruz,51.9,43.9,59.8,9.08,December, 1995
SantaCruz,57.7,46.3,69.0,0.23,November, 1995
SantaCruz,61.6,49.2,74.1,0.01,October, 1995
SantaCruz,64.8,52.8,76.7,0.0,September, 1995
SantaCruz,65.6,52.9,78.4,0.0,August, 1995
SantaCruz,66.8,54.5,79.1,0.01,July, 1995
SantaCruz,61.1,49.8,72.4,0.98,June, 1995
SantaCruz,55.8,47.4,64.3,1.47,May, 1995
SantaCruz,53.3,43.4,63.1,3.97,April, 1995
SantaCruz,51.6,43.1,60.1,12.72,March, 1995
SantaCruz,53.9,45.3,62.4,0.71,February, 1995
SantaCruz,51.4,46.2,56.6,18.87,January, 1995
SantaCruz,46.6,37.6,55.7,3.64,December, 1994
SantaCruz,47.6,38.0,57.1,6.6,November, 1994
SantaCruz,59.0,46.7,71.2,0.83,October, 1994
SantaCruz,63.7,52.5,74.8,0.05,September, 1994
SantaCruz,64.5,51.3,77.7,0.0,August, 1994
SantaCruz,61.8,52.1,71.4,0.0,July, 1994
SantaCruz,61.3,47.2,75.4,0.03,June, 1994
SantaCruz,56.9,47.4,66.3,1.83,May, 1994
SantaCruz,54.3,44.1,64.6,2.23,April, 1994
SantaCruz,53.7,42.5,65.0,0.78,March, 1994
SantaCruz,47.9,38.8,57.0,7.58,February, 1994
SantaCruz,50.1,38.8,61.4,3.12,January, 1994
SantaCruz,48.9,38.9,59.0,4.3,December, 1993
SantaCruz,53.0,41.1,65.0,2.87,November, 1993
SantaCruz,61.6,50.4,72.9,0.69,October, 1993
SantaCruz,63.3,51.3,75.4,0.02,September, 1993
SantaCruz,66.0,54.3,77.5,0.01,August, 1993
SantaCruz,63.3,52.5,74.1,0.0,July, 1993
SantaCruz,63.4,50.3,76.6,0.64,June, 1993
SantaCruz,59.1,48.8,69.4,1.11,May, 1993
SantaCruz,54.8,44.0,65.7,1.23,April, 1993
SantaCruz,55.0,45.8,64.1,3.6,March, 1993
SantaCruz,48.9,41.0,56.8,8.71,February, 1993
SantaCruz,47.9,39.8,56.0,15.06,January, 1993
SantaCruz,47.3,38.4,56.1,9.46,December, 1992
SantaCruz,54.3,42.9,65.8,0.24,November, 1992
SantaCruz,62.7,51.2,74.2,1.94,October, 1992
SantaCruz,64.5,52.1,76.9,0.01,September, 1992
SantaCruz,66.2,53.3,79.1,0.03,August, 1992
SantaCruz,66.4,55.4,77.5,0.02,July, 1992
SantaCruz,61.9,52.5,71.3,0.56,June, 1992
SantaCruz,60.7,50.2,71.1,0.01,May, 1992
SantaCruz,58.4,46.7,70.1,0.33,April, 1992
SantaCruz,53.8,46.0,61.7,5.09,March, 1992
SantaCruz,53.4,44.8,62.0,11.9,February, 1992
SantaCruz,48.6,37.5,59.8,3.22,January, 1992
SantaCruz,49.1,38.3,59.8,5.0,December, 1991
SantaCruz,55.0,43.3,66.6,1.22,November, 1991
SantaCruz,61.9,49.7,74.0,2.37,October, 1991
SantaCruz,64.0,52.9,75.2,0.06,September, 1991
SantaCruz,65.4,54.6,76.3,0.16,August, 1991
SantaCruz,64.0,53.6,74.4,0.04,July, 1991
SantaCruz,58.3,47.7,68.9,0.29,June, 1991
SantaCruz,55.4,44.8,66.1,0.19,May, 1991
SantaCruz,52.7,41.4,64.0,0.69,April, 1991
SantaCruz,48.0,40.3,55.7,14.82,March, 1991
SantaCruz,53.4,42.3,64.5,3.98,February, 1991
SantaCruz,48.2,37.5,58.9,0.6,January, 1991
SantaCruz,44.1,32.2,56.0,2.45,December, 1990
SantaCruz,53.3,40.7,66.0,0.46,November, 1990
SantaCruz,61.4,47.7,75.1,0.45,October, 1990
SantaCruz,64.8,52.3,77.3,0.38,September, 1990
SantaCruz,66.3,55.6,77.0,0.05,August, 1990
SantaCruz,65.7,54.2,77.2,0.04,July, 1990
SantaCruz,62.6,49.6,75.6,0.01,June, 1990
SantaCruz,57.3,47.3,67.4,3.67,May, 1990
SantaCruz,57.2,46.3,68.0,0.46,April, 1990
SantaCruz,51.8,42.1,61.5,2.12,March, 1990
SantaCruz,47.3,37.3,57.4,3.53,February, 1990
SantaCruz,48.7,38.5,59.0,3.95,January, 1990
SantaCruz,50.0,36.4,63.6,0.05,December, 1989
SantaCruz,54.4,41.5,67.3,1.61,November, 1989
SantaCruz,59.3,47.6,71.0,2.47,October, 1989
SantaCruz,62.6,51.9,73.3,1.09,September, 1989
SantaCruz,63.8,52.2,75.3,0.08,August, 1989
SantaCruz,64.2,50.1,78.4,0.0,July, 1989
SantaCruz,62.5,50.5,74.4,0.03,June, 1989
SantaCruz,57.6,45.9,69.4,0.17,May, 1989
SantaCruz,57.4,46.1,68.8,0.9,April, 1989
SantaCruz,53.1,44.6,61.6,7.07,March, 1989
SantaCruz,46.6,36.8,56.4,1.73,February, 1989
SantaCruz,46.9,35.7,58.1,1.97,January, 1989
SantaCruz,47.9,37.7,58.0,6.51,December, 1988
SantaCruz,53.2,44.8,61.6,4.13,November, 1988
SantaCruz,60.0,50.3,69.8,0.23,October, 1988
SantaCruz,63.2,50.8,75.6,0.01,September, 1988
SantaCruz,65.1,53.6,76.6,0.0,August, 1988
SantaCruz,66.1,53.3,78.8,0.01,July, 1988
SantaCruz,61.2,49.0,73.4,0.15,June, 1988
SantaCruz,57.0,44.8,69.1,0.82,May, 1988
SantaCruz,55.4,44.3,66.5,2.73,April, 1988
SantaCruz,53.4,40.7,66.2,0.09,March, 1988
SantaCruz,52.7,39.2,66.1,0.74,February, 1988
SantaCruz,49.4,40.2,58.6,4.24,January, 1988
SantaCruz,48.3,41.4,55.2,7.93,December, 1987
SantaCruz,53.4,43.6,63.2,2.81,November, 1987
SantaCruz,62.8,52.6,73.0,1.21,October, 1987
SantaCruz,64.5,52.4,76.6,0.0,September, 1987
SantaCruz,64.4,53.4,75.4,0.01,August, 1987
SantaCruz,62.4,50.4,74.5,0.02,July, 1987
SantaCruz,61.3,49.8,72.7,0.03,June, 1987
SantaCruz,59.8,49.2,70.4,0.02,May, 1987
SantaCruz,57.1,43.5,70.6,0.55,April, 1987
SantaCruz,51.5,41.1,61.9,4.72,March, 1987
SantaCruz,50.8,40.1,61.5,6.29,February, 1987
SantaCruz,47.3,37.7,57.0,4.07,January, 1987
SantaCruz,49.1,38.4,59.8,2.01,December, 1986
SantaCruz,54.8,41.4,68.3,0.15,November, 1986
SantaCruz,60.3,48.5,72.0,0.11,October, 1986
SantaCruz,60.0,49.9,70.1,1.35,September, 1986
SantaCruz,64.1,53.0,75.1,0.02,August, 1986
SantaCruz,63.4,51.7,75.1,0.07,July, 1986
SantaCruz,62.4,50.7,74.2,0.0,June, 1986
SantaCruz,57.7,45.0,70.4,0.44,May, 1986
SantaCruz,53.9,42.8,65.0,0.83,April, 1986
SantaCruz,55.1,44.7,65.4,9.5,March, 1986
SantaCruz,52.9,44.6,61.2,16.08,February, 1986
SantaCruz,53.0,44.1,61.8,6.19,January, 1986
SantaCruz,49.0,37.9,60.0,3.99,December, 1985
SantaCruz,50.0,40.9,59.2,5.59,November, 1985
SantaCruz,58.2,46.0,70.4,1.23,October, 1985
SantaCruz,62.7,52.2,73.1,0.51,September, 1985
SantaCruz,64.4,51.2,77.5,0.02,August, 1985
SantaCruz,66.6,54.1,79.1,0.14,July, 1985
SantaCruz,63.5,50.8,76.2,0.19,June, 1985
SantaCruz,56.4,44.7,68.0,0.24,May, 1985
SantaCruz,56.7,45.1,68.3,0.44,April, 1985
SantaCruz,48.3,38.9,57.6,6.79,March, 1985
SantaCruz,50.1,38.1,62.0,3.18,February, 1985
SantaCruz,46.7,36.3,57.0,1.31,January, 1985
SantaCruz,46.6,37.9,55.2,2.82,December, 1984
SantaCruz,50.9,43.2,58.6,10.14,November, 1984
SantaCruz,58.4,47.8,69.0,2.92,October, 1984
SantaCruz,69.2,53.9,84.4,0.16,September, 1984
SantaCruz,66.1,53.2,79.1,0.01,August, 1984
SantaCruz,66.5,53.8,79.2,0.03,July, 1984
SantaCruz,60.6,47.8,73.4,0.24,June, 1984
SantaCruz,60.9,46.4,75.4,0.1,May, 1984
SantaCruz,52.9,41.4,64.5,1.19,April, 1984
SantaCruz,54.1,42.6,65.6,2.23,March, 1984
SantaCruz,50.0,39.7,60.2,2.5,February, 1984
SantaCruz,49.7,39.2,60.1,0.48,January, 1984
SantaCruz,51.2,45.2,57.2,9.35,December, 1983
SantaCruz,52.7,44.6,60.8,10.96,November, 1983
SantaCruz,62.7,51.1,74.3,1.08,October, 1983
SantaCruz,68.0,55.8,80.3,1.18,September, 1983
SantaCruz,67.5,55.0,79.9,0.22,August, 1983
SantaCruz,65.3,51.9,78.7,0.01,July, 1983
SantaCruz,61.6,49.8,73.4,0.05,June, 1983
SantaCruz,57.6,46.6,68.5,0.72,May, 1983
SantaCruz,52.0,43.0,61.1,6.51,April, 1983
SantaCruz,52.0,45.2,58.9,15.22,March, 1983
SantaCruz,51.8,44.4,59.2,11.6,February, 1983
SantaCruz,50.2,40.4,60.0,11.81,January, 1983
SantaCruz,48.7,40.0,57.4,5.52,December, 1982
SantaCruz,51.8,42.4,61.2,8.46,November, 1982
SantaCruz,59.9,47.9,72.0,3.23,October, 1982
SantaCruz,64.0,51.7,76.2,1.29,September, 1982
SantaCruz,64.8,52.0,77.6,0.06,August, 1982
SantaCruz,63.2,51.3,75.2,0.01,July, 1982
SantaCruz,59.2,49.9,68.5,0.42,June, 1982
SantaCruz,56.9,46.0,67.7,0.02,May, 1982
SantaCruz,53.0,42.5,63.5,6.8,April, 1982
SantaCruz,49.3,41.2,57.4,10.3,March, 1982
SantaCruz,51.4,41.6,61.2,5.11,February, 1982
SantaCruz,45.2,34.9,55.5,13.04,January, 1982
SantaCruz,50.8,42.5,59.1,5.68,December, 1981
SantaCruz,55.0,46.5,63.6,8.43,November, 1981
SantaCruz,57.0,44.7,69.2,2.62,October, 1981
SantaCruz,62.8,50.8,74.8,0.16,September, 1981
SantaCruz,63.9,50.5,77.2,0.0,August, 1981
SantaCruz,63.2,49.9,76.5,0.0,July, 1981
SantaCruz,65.5,50.4,80.6,0.0,June, 1981
SantaCruz,57.4,45.7,69.2,0.3,May, 1981
SantaCruz,54.5,41.6,67.3,0.41,April, 1981
SantaCruz,50.6,41.5,59.6,7.14,March, 1981
SantaCruz,51.7,41.6,61.7,2.6,February, 1981
SantaCruz,51.0,41.9,60.0,8.55,January, 1981
SantaCruz,50.8,39.2,62.4,3.87,December, 1980
SantaCruz,53.6,40.3,66.9,0.21,November, 1980
SantaCruz,60.3,46.5,74.1,0.07,October, 1980
SantaCruz,62.8,51.2,74.4,0.01,September, 1980
SantaCruz,63.3,52.5,74.1,0.01,August, 1980
SantaCruz,64.5,53.0,75.9,0.12,July, 1980
SantaCruz,58.7,46.4,70.9,0.14,June, 1980
SantaCruz,55.0,44.6,65.4,0.58,May, 1980
SantaCruz,53.9,42.7,65.2,2.62,April, 1980
SantaCruz,50.9,40.1,61.7,2.67,March, 1980
SantaCruz,52.6,44.2,61.0,11.91,February, 1980
SantaCruz,50.4,42.5,58.4,9.08,January, 1980
Sonoma,50.9,38.7,63.1,2.67,December, 2020
Sonoma,53.6,40.7,66.6,1.45,November, 2020
Sonoma,65.8,50.6,80.9,0.0,October, 2020
Sonoma,68.6,54.6,82.5,0.0,September, 2020
Sonoma,69.8,57.3,82.4,0.05,August, 2020
Sonoma,65.4,53.6,77.2,0.02,July, 2020
Sonoma,64.4,51.3,77.6,0.02,June, 2020
Sonoma,61.4,48.4,74.5,0.99,May, 2020
Sonoma,56.1,45.6,66.6,3.02,April, 2020
Sonoma,52.0,42.8,61.3,3.49,March, 2020
Sonoma,53.0,39.6,66.4,0.02,February, 2020
Sonoma,51.1,41.4,60.8,2.78,January, 2020
Sonoma,51.4,44.6,58.2,10.05,December, 2019
Sonoma,55.0,42.0,68.0,2.14,November, 2019
Sonoma,61.8,45.4,78.2,0.0,October, 2019
Sonoma,68.4,53.9,82.9,0.11,September, 2019
Sonoma,68.7,55.6,81.8,0.02,August, 2019
Sonoma,66.1,54.0,78.0,0.05,July, 2019
Sonoma,64.1,52.3,75.8,0.05,June, 2019
Sonoma,57.7,48.5,66.9,3.52,May, 2019
Sonoma,57.8,47.2,68.4,0.87,April, 2019
Sonoma,52.3,42.2,62.3,7.73,March, 2019
Sonoma,47.2,39.6,54.8,12.83,February, 2019
Sonoma,52.3,43.8,60.9,8.87,January, 2019
Sonoma,51.2,41.7,60.6,3.81,December, 2018
Sonoma,56.7,43.6,69.7,5.08,November, 2018
Sonoma,62.5,48.4,76.6,0.08,October, 2018
Sonoma,63.3,50.2,76.3,0.0,September, 2018
Sonoma,65.9,53.4,78.4,0.0,August, 2018
Sonoma,67.9,54.6,81.2,0.02,July, 2018
Sonoma,62.7,49.3,76.1,0.02,June, 2018
Sonoma,58.6,48.0,69.1,0.08,May, 2018
Sonoma,55.6,44.4,66.8,3.17,April, 2018
Sonoma,52.2,41.5,62.9,8.63,March, 2018
Sonoma,51.4,37.9,64.8,0.36,February, 2018
Sonoma,52.9,43.5,62.3,6.08,January, 2018
Sonoma,51.5,37.7,65.3,0.16,December, 2017
Sonoma,56.6,46.5,66.7,4.05,November, 2017
Sonoma,62.4,47.2,77.7,0.21,October, 2017
Sonoma,69.6,56.2,83.1,0.09,September, 2017
Sonoma,67.9,56.6,79.2,0.01,August, 2017
Sonoma,65.8,53.1,78.5,0.0,July, 2017
Sonoma,64.0,51.5,76.4,0.09,June, 2017
Sonoma,59.0,48.2,69.9,0.05,May, 2017
Sonoma,55.6,44.5,66.8,4.06,April, 2017
Sonoma,54.9,43.8,66.0,5.03,March, 2017
Sonoma,51.7,44.7,58.6,14.61,February, 2017
Sonoma,48.3,40.4,56.3,19.27,January, 2017
Sonoma,49.1,40.0,58.2,7.03,December, 2016
Sonoma,55.5,45.6,65.5,3.05,November, 2016
Sonoma,60.6,50.2,71.1,5.4,October, 2016
Sonoma,65.2,51.8,78.6,0.01,September, 2016
Sonoma,65.6,54.0,77.1,0.03,August, 2016
Sonoma,65.2,51.9,78.6,0.02,July, 2016
Sonoma,64.8,50.6,79.1,0.0,June, 2016
Sonoma,59.8,49.9,69.8,0.25,May, 2016
Sonoma,58.1,46.6,69.6,1.68,April, 2016
Sonoma,55.0,45.0,64.9,10.33,March, 2016
Sonoma,56.2,43.4,69.1,1.16,February, 2016
Sonoma,51.4,44.6,58.2,11.48,January, 2016
Sonoma,48.0,38.4,57.4,6.64,December, 2015
Sonoma,51.9,40.4,63.4,3.77,November, 2015
Sonoma,65.7,53.1,78.3,0.1,October, 2015
Sonoma,69.6,54.6,84.5,0.02,September, 2015
Sonoma,70.3,56.7,83.9,0.06,August, 2015
Sonoma,68.7,56.8,80.6,0.06,July, 2015
Sonoma,64.4,52.1,76.8,0.06,June, 2015
Sonoma,57.5,48.2,66.8,0.29,May, 2015
Sonoma,56.1,43.6,68.6,1.85,April, 2015
Sonoma,58.6,44.2,73.0,0.52,March, 2015
Sonoma,56.3,44.9,67.7,3.65,February, 2015
Sonoma,54.3,41.0,67.7,0.0,January, 2015
Sonoma,53.0,46.5,59.5,14.98,December, 2014
Sonoma,56.3,45.8,66.9,3.91,November, 2014
Sonoma,64.6,51.5,77.6,0.83,October, 2014
Sonoma,66.7,55.3,78.1,0.75,September, 2014
Sonoma,67.6,56.6,78.6,0.01,August, 2014
Sonoma,67.4,55.6,79.2,0.08,July, 2014
Sonoma,63.0,49.8,76.3,0.01,June, 2014
Sonoma,62.2,48.0,76.3,0.05,May, 2014
Sonoma,57.3,45.1,69.6,1.66,April, 2014
Sonoma,56.4,44.9,67.8,3.71,March, 2014
Sonoma,52.5,43.2,61.7,7.44,February, 2014
Sonoma,55.0,40.8,69.3,0.08,January, 2014
Sonoma,49.6,35.4,63.7,0.61,December, 2013
Sonoma,55.3,42.6,68.0,0.89,November, 2013
Sonoma,59.5,46.0,73.0,0.11,October, 2013
Sonoma,65.7,52.9,78.6,0.3,September, 2013
Sonoma,66.8,54.5,79.1,0.01,August, 2013
Sonoma,65.8,54.4,77.2,0.03,July, 2013
Sonoma,63.9,50.9,76.9,0.09,June, 2013
Sonoma,60.1,47.4,72.8,0.03,May, 2013
Sonoma,57.2,44.7,69.7,0.94,April, 2013
Sonoma,54.8,42.3,67.3,1.49,March, 2013
Sonoma,48.7,36.3,61.2,0.56,February, 2013
Sonoma,48.4,36.4,60.3,1.01,January, 2013
Sonoma,49.3,41.1,57.5,11.15,December, 2012
Sonoma,56.6,45.9,67.2,6.55,November, 2012
Sonoma,62.2,50.6,73.8,0.83,October, 2012
Sonoma,63.4,50.4,76.5,0.01,September, 2012
Sonoma,65.8,52.2,79.4,0.01,August, 2012
Sonoma,64.0,52.8,75.1,0.06,July, 2012
Sonoma,61.7,48.5,74.8,0.3,June, 2012
Sonoma,58.4,45.9,70.9,0.06,May, 2012
Sonoma,55.3,44.5,66.2,3.86,April, 2012
Sonoma,51.2,40.9,61.4,7.54,March, 2012
Sonoma,50.4,39.1,61.8,1.54,February, 2012
Sonoma,50.4,37.5,63.2,4.11,January, 2012
Sonoma,47.8,35.7,59.8,0.2,December, 2011
Sonoma,51.9,41.7,62.1,2.7,November, 2011
Sonoma,62.5,51.5,73.4,2.43,October, 2011
Sonoma,64.8,53.2,76.4,0.0,September, 2011
Sonoma,63.6,53.1,74.2,0.01,August, 2011
Sonoma,64.5,53.3,75.7,0.01,July, 2011
Sonoma,59.9,49.6,70.2,1.01,June, 2011
Sonoma,55.6,44.4,66.7,1.62,May, 2011
Sonoma,53.4,42.3,64.6,0.67,April, 2011
Sonoma,51.8,42.9,60.6,10.34,March, 2011
Sonoma,47.7,37.4,58.0,7.1,February, 2011
Sonoma,50.8,40.0,61.5,2.37,January, 2011
Sonoma,50.4,43.2,57.4,10.16,December, 2010
Sonoma,52.4,41.7,63.1,4.09,November, 2010
Sonoma,60.1,50.0,70.1,2.14,October, 2010
Sonoma,65.3,51.8,78.8,0.01,September, 2010
Sonoma,63.2,52.0,74.3,0.04,August, 2010
Sonoma,62.6,52.5,72.8,0.02,July, 2010
Sonoma,61.8,49.9,73.7,0.01,June, 2010
Sonoma,55.7,44.4,66.9,0.9,May, 2010
Sonoma,51.7,41.6,61.9,5.4,April, 2010
Sonoma,51.5,40.0,62.9,3.44,March, 2010
Sonoma,51.1,43.2,59.0,6.14,February, 2010
Sonoma,50.7,42.6,58.9,9.91,January, 2010
Sonoma,47.9,39.2,56.5,4.38,December, 2009
Sonoma,53.2,40.9,65.6,0.31,November, 2009
Sonoma,59.6,48.9,70.3,5.85,October, 2009
Sonoma,66.4,53.0,79.8,0.21,September, 2009
Sonoma,66.0,53.6,78.4,0.02,August, 2009
Sonoma,64.4,52.2,76.6,0.01,July, 2009
Sonoma,61.3,50.9,71.7,0.06,June, 2009
Sonoma,58.8,48.4,69.1,1.05,May, 2009
Sonoma,53.9,42.3,65.5,0.51,April, 2009
Sonoma,51.2,40.9,61.5,3.46,March, 2009
Sonoma,49.6,41.5,57.6,10.77,February, 2009
Sonoma,51.8,39.8,63.9,1.7,January, 2009
Sonoma,47.1,37.2,57.0,3.9,December, 2008
Sonoma,56.5,46.4,66.5,3.09,November, 2008
Sonoma,62.0,47.8,76.2,0.84,October, 2008
Sonoma,64.8,51.9,77.8,0.01,September, 2008
Sonoma,65.3,53.2,77.5,0.01,August, 2008
Sonoma,64.9,53.1,76.7,0.01,July, 2008
Sonoma,62.4,48.7,76.1,0.0,June, 2008
Sonoma,57.4,45.5,69.3,0.0,May, 2008
Sonoma,53.3,40.2,66.3,0.4,April, 2008
Sonoma,51.6,39.2,64.0,0.36,March, 2008
Sonoma,49.4,39.4,59.4,5.3,February, 2008
Sonoma,46.8,38.8,54.8,13.39,January, 2008
Sonoma,46.6,37.1,56.0,3.8,December, 2007
Sonoma,54.6,42.8,66.4,0.65,November, 2007
Sonoma,58.7,47.2,70.2,1.67,October, 2007
Sonoma,63.5,51.6,75.5,0.43,September, 2007
Sonoma,65.6,53.1,78.2,0.01,August, 2007
Sonoma,65.2,53.4,77.1,0.02,July, 2007
Sonoma,61.3,48.2,74.4,0.01,June, 2007
Sonoma,57.5,46.2,68.9,0.37,May, 2007
Sonoma,54.0,42.7,65.3,1.6,April, 2007
Sonoma,54.3,42.1,66.5,0.45,March, 2007
Sonoma,50.0,41.6,58.4,6.96,February, 2007
Sonoma,46.4,34.7,58.0,1.18,January, 2007
Sonoma,49.0,39.0,59.1,5.1,December, 2006
Sonoma,53.9,43.8,63.9,2.47,November, 2006
Sonoma,59.4,47.7,71.0,0.45,October, 2006
Sonoma,62.8,51.3,74.2,0.0,September, 2006
Sonoma,63.9,53.4,74.3,0.0,August, 2006
Sonoma,67.7,54.2,81.2,0.0,July, 2006
Sonoma,63.4,51.9,75.0,0.01,June, 2006
Sonoma,58.8,48.1,69.5,0.76,May, 2006
Sonoma,52.9,45.6,60.1,7.97,April, 2006
Sonoma,47.7,40.2,55.3,11.77,March, 2006
Sonoma,51.0,39.5,62.6,3.2,February, 2006
Sonoma,49.4,40.7,58.1,5.95,January, 2006
Sonoma,51.3,43.6,58.9,14.76,December, 2005
Sonoma,55.5,43.9,67.2,1.92,November, 2005
Sonoma,59.4,47.5,71.2,0.23,October, 2005
Sonoma,61.8,50.4,73.2,0.06,September, 2005
Sonoma,64.6,53.0,76.1,0.01,August, 2005
Sonoma,65.4,54.1,76.7,0.03,July, 2005
Sonoma,60.6,50.0,71.2,0.89,June, 2005
Sonoma,59.0,48.9,69.1,1.55,May, 2005
Sonoma,53.2,42.3,64.2,2.9,April, 2005
Sonoma,54.2,44.7,63.8,7.36,March, 2005
Sonoma,52.3,44.5,60.2,6.06,February, 2005
Sonoma,49.5,40.8,58.2,7.27,January, 2005
Sonoma,50.2,40.7,59.7,10.25,December, 2004
Sonoma,52.1,42.6,61.6,2.34,November, 2004
Sonoma,58.8,48.7,68.8,5.5,October, 2004
Sonoma,65.9,51.9,79.8,0.09,September, 2004
Sonoma,66.1,54.9,77.2,0.01,August, 2004
Sonoma,64.8,54.3,75.3,0.04,July, 2004
Sonoma,61.4,49.8,73.1,0.01,June, 2004
Sonoma,59.0,47.0,71.1,0.08,May, 2004
Sonoma,56.2,44.6,67.8,0.48,April, 2004
Sonoma,57.5,44.8,70.3,1.15,March, 2004
Sonoma,49.2,41.0,57.3,7.61,February, 2004
Sonoma,48.5,40.1,56.9,3.91,January, 2004
Sonoma,49.8,42.6,57.1,11.46,December, 2003
Sonoma,51.3,41.9,60.7,3.46,November, 2003
Sonoma,62.7,49.2,76.3,0.32,October, 2003
Sonoma,66.5,54.3,78.8,0.02,September, 2003
Sonoma,66.9,55.2,78.6,0.04,August, 2003
Sonoma,65.6,52.5,78.7,0.0,July, 2003
Sonoma,62.1,50.9,73.4,0.05,June, 2003
Sonoma,58.1,46.8,69.4,1.25,May, 2003
Sonoma,51.2,42.0,60.3,5.39,April, 2003
Sonoma,52.7,41.5,63.9,1.94,March, 2003
Sonoma,50.0,40.1,60.0,2.48,February, 2003
Sonoma,54.5,45.0,63.9,1.76,January, 2003
Sonoma,50.2,42.3,58.1,16.46,December, 2002
Sonoma,56.0,44.7,67.3,5.25,November, 2002
Sonoma,59.0,48.0,70.0,0.01,October, 2002
Sonoma,64.8,52.0,77.5,0.01,September, 2002
Sonoma,64.7,53.2,76.2,0.05,August, 2002
Sonoma,64.4,52.4,76.3,0.01,July, 2002
Sonoma,61.3,49.0,73.7,0.02,June, 2002
Sonoma,56.4,45.1,67.8,0.98,May, 2002
Sonoma,53.6,44.4,63.0,0.48,April, 2002
Sonoma,50.6,40.0,61.2,3.6,March, 2002
Sonoma,51.6,40.6,62.6,2.29,February, 2002
Sonoma,46.4,36.6,56.1,2.91,January, 2002
Sonoma,49.3,41.9,56.7,12.19,December, 2001
Sonoma,54.5,45.5,63.6,6.79,November, 2001
Sonoma,61.0,50.0,72.1,0.66,October, 2001
Sonoma,63.3,52.0,74.6,0.16,September, 2001
Sonoma,64.8,52.3,77.3,0.03,August, 2001
Sonoma,63.9,53.4,74.4,0.01,July, 2001
Sonoma,63.6,49.3,78.0,0.1,June, 2001
Sonoma,61.9,48.5,75.3,0.0,May, 2001
Sonoma,51.2,40.6,61.8,2.4,April, 2001
Sonoma,53.8,43.9,63.8,3.1,March, 2001
Sonoma,48.7,40.3,57.1,8.2,February, 2001
Sonoma,47.5,37.1,57.8,6.55,January, 2001
Sonoma,51.0,40.4,61.5,1.03,December, 2000
Sonoma,49.8,38.8,60.8,1.21,November, 2000
Sonoma,58.7,49.7,67.7,4.46,October, 2000
Sonoma,65.2,52.7,77.7,0.34,September, 2000
Sonoma,64.6,52.4,76.7,0.15,August, 2000
Sonoma,63.2,51.6,74.8,0.01,July, 2000
Sonoma,62.7,51.4,73.9,0.27,June, 2000
Sonoma,59.5,47.7,71.3,1.13,May, 2000
Sonoma,55.8,44.6,67.0,2.07,April, 2000
Sonoma,52.2,41.6,62.8,2.83,March, 2000
Sonoma,51.4,44.5,58.3,13.77,February, 2000
Sonoma,49.9,42.6,57.2,12.26,January, 2000
Sonoma,49.5,37.5,61.6,0.68,December, 1999
Sonoma,54.2,44.9,63.4,3.73,November, 1999
Sonoma,61.8,47.8,75.6,0.35,October, 1999
Sonoma,63.7,52.6,74.7,0.19,September, 1999
Sonoma,65.0,53.5,76.4,0.05,August, 1999
Sonoma,63.6,51.8,75.4,0.0,July, 1999
Sonoma,59.1,47.4,70.9,0.22,June, 1999
Sonoma,54.7,44.2,65.3,0.08,May, 1999
Sonoma,52.4,41.8,63.0,2.74,April, 1999
Sonoma,48.3,39.5,57.1,4.58,March, 1999
Sonoma,48.0,38.6,57.4,8.96,February, 1999
Sonoma,49.2,39.2,59.2,7.55,January, 1999
Sonoma,45.7,35.1,56.2,2.08,December, 1998
Sonoma,52.2,43.5,61.0,5.71,November, 1998
Sonoma,58.2,45.6,70.8,0.93,October, 1998
Sonoma,65.2,54.8,75.5,0.13,September, 1998
Sonoma,66.9,53.7,80.1,0.0,August, 1998
Sonoma,65.1,53.8,76.5,0.01,July, 1998
Sonoma,60.6,52.0,69.2,0.17,June, 1998
Sonoma,54.8,46.2,63.3,3.93,May, 1998
Sonoma,52.8,43.0,62.6,3.34,April, 1998
Sonoma,52.4,43.6,61.2,4.73,March, 1998
Sonoma,49.4,43.0,55.8,20.32,February, 1998
Sonoma,51.4,44.7,58.1,14.3,January, 1998
Sonoma,49.0,39.1,58.9,4.36,December, 1997
Sonoma,55.6,46.8,64.4,9.63,November, 1997
Sonoma,60.4,47.6,73.1,0.78,October, 1997
Sonoma,68.0,54.4,81.6,0.01,September, 1997
Sonoma,67.3,55.3,79.2,0.31,August, 1997
Sonoma,64.4,53.2,75.7,0.0,July, 1997
Sonoma,61.8,49.8,73.8,0.25,June, 1997
Sonoma,62.6,49.4,75.8,0.25,May, 1997
Sonoma,56.2,44.5,67.8,0.65,April, 1997
Sonoma,53.6,41.6,65.6,0.89,March, 1997
Sonoma,50.8,40.3,61.2,0.31,February, 1997
Sonoma,50.2,42.8,57.7,13.29,January, 1997
Sonoma,51.9,44.8,58.9,14.64,December, 1996
Sonoma,53.9,44.6,63.2,6.41,November, 1996
Sonoma,59.3,47.0,71.7,1.98,October, 1996
Sonoma,63.2,50.8,75.4,0.02,September, 1996
Sonoma,64.8,52.5,77.1,0.0,August, 1996
Sonoma,65.6,53.5,77.7,0.0,July, 1996
Sonoma,62.1,49.7,74.5,0.02,June, 1996
Sonoma,59.8,48.3,71.3,3.1,May, 1996
Sonoma,57.2,45.2,69.1,2.01,April, 1996
Sonoma,54.2,43.9,64.5,3.96,March, 1996
Sonoma,53.7,45.9,61.4,10.63,February, 1996
Sonoma,51.1,42.1,60.0,9.67,January, 1996
Sonoma,51.9,43.9,59.8,9.08,December, 1995
Sonoma,57.7,46.3,69.0,0.23,November, 1995
Sonoma,61.6,49.2,74.1,0.01,October, 1995
Sonoma,64.8,52.8,76.7,0.0,September, 1995
Sonoma,65.6,52.9,78.4,0.0,August, 1995
Sonoma,66.8,54.5,79.1,0.01,July, 1995
Sonoma,61.1,49.8,72.4,0.98,June, 1995
Sonoma,55.8,47.4,64.3,1.47,May, 1995
Sonoma,53.3,43.4,63.1,3.97,April, 1995
Sonoma,51.6,43.1,60.1,12.72,March, 1995
Sonoma,53.9,45.3,62.4,0.71,February, 1995
Sonoma,51.4,46.2,56.6,18.87,January, 1995
Sonoma,46.6,37.6,55.7,3.64,December, 1994
Sonoma,47.6,38.0,57.1,6.6,November, 1994
Sonoma,59.0,46.7,71.2,0.83,October, 1994
Sonoma,63.7,52.5,74.8,0.05,September, 1994
Sonoma,64.5,51.3,77.7,0.0,August, 1994
Sonoma,61.8,52.1,71.4,0.0,July, 1994
Sonoma,61.3,47.2,75.4,0.03,June, 1994
Sonoma,56.9,47.4,66.3,1.83,May, 1994
Sonoma,54.3,44.1,64.6,2.23,April, 1994
Sonoma,53.7,42.5,65.0,0.78,March, 1994
Sonoma,47.9,38.8,57.0,7.58,February, 1994
Sonoma,50.1,38.8,61.4,3.12,January, 1994
Sonoma,48.9,38.9,59.0,4.3,December, 1993
Sonoma,53.0,41.1,65.0,2.87,November, 1993
Sonoma,61.6,50.4,72.9,0.69,October, 1993
Sonoma,63.3,51.3,75.4,0.02,September, 1993
Sonoma,66.0,54.3,77.5,0.01,August, 1993
Sonoma,63.3,52.5,74.1,0.0,July, 1993
Sonoma,63.4,50.3,76.6,0.64,June, 1993
Sonoma,59.1,48.8,69.4,1.11,May, 1993
Sonoma,54.8,44.0,65.7,1.23,April, 1993
Sonoma,55.0,45.8,64.1,3.6,March, 1993
Sonoma,48.9,41.0,56.8,8.71,February, 1993
Sonoma,47.9,39.8,56.0,15.06,January, 1993
Sonoma,47.3,38.4,56.1,9.46,December, 1992
Sonoma,54.3,42.9,65.8,0.24,November, 1992
Sonoma,62.7,51.2,74.2,1.94,October, 1992
Sonoma,64.5,52.1,76.9,0.01,September, 1992
Sonoma,66.2,53.3,79.1,0.03,August, 1992
Sonoma,66.4,55.4,77.5,0.02,July, 1992
Sonoma,61.9,52.5,71.3,0.56,June, 1992
Sonoma,60.7,50.2,71.1,0.01,May, 1992
Sonoma,58.4,46.7,70.1,0.33,April, 1992
Sonoma,53.8,46.0,61.7,5.09,March, 1992
Sonoma,53.4,44.8,62.0,11.9,February, 1992
Sonoma,48.6,37.5,59.8,3.22,January, 1992
Sonoma,49.1,38.3,59.8,5.0,December, 1991
Sonoma,55.0,43.3,66.6,1.22,November, 1991
Sonoma,61.9,49.7,74.0,2.37,October, 1991
Sonoma,64.0,52.9,75.2,0.06,September, 1991
Sonoma,65.4,54.6,76.3,0.16,August, 1991
Sonoma,64.0,53.6,74.4,0.04,July, 1991
Sonoma,58.3,47.7,68.9,0.29,June, 1991
Sonoma,55.4,44.8,66.1,0.19,May, 1991
Sonoma,52.7,41.4,64.0,0.69,April, 1991
Sonoma,48.0,40.3,55.7,14.82,March, 1991
Sonoma,53.4,42.3,64.5,3.98,February, 1991
Sonoma,48.2,37.5,58.9,0.6,January, 1991
Sonoma,44.1,32.2,56.0,2.45,December, 1990
Sonoma,53.3,40.7,66.0,0.46,November, 1990
Sonoma,61.4,47.7,75.1,0.45,October, 1990
Sonoma,64.8,52.3,77.3,0.38,September, 1990
Sonoma,66.3,55.6,77.0,0.05,August, 1990
Sonoma,65.7,54.2,77.2,0.04,July, 1990
Sonoma,62.6,49.6,75.6,0.01,June, 1990
Sonoma,57.3,47.3,67.4,3.67,May, 1990
Sonoma,57.2,46.3,68.0,0.46,April, 1990
Sonoma,51.8,42.1,61.5,2.12,March, 1990
Sonoma,47.3,37.3,57.4,3.53,February, 1990
Sonoma,48.7,38.5,59.0,3.95,January, 1990
Sonoma,50.0,36.4,63.6,0.05,December, 1989
Sonoma,54.4,41.5,67.3,1.61,November, 1989
Sonoma,59.3,47.6,71.0,2.47,October, 1989
Sonoma,62.6,51.9,73.3,1.09,September, 1989
Sonoma,63.8,52.2,75.3,0.08,August, 1989
Sonoma,64.2,50.1,78.4,0.0,July, 1989
Sonoma,62.5,50.5,74.4,0.03,June, 1989
Sonoma,57.6,45.9,69.4,0.17,May, 1989
Sonoma,57.4,46.1,68.8,0.9,April, 1989
Sonoma,53.1,44.6,61.6,7.07,March, 1989
Sonoma,46.6,36.8,56.4,1.73,February, 1989
Sonoma,46.9,35.7,58.1,1.97,January, 1989
Sonoma,47.9,37.7,58.0,6.51,December, 1988
Sonoma,53.2,44.8,61.6,4.13,November, 1988
Sonoma,60.0,50.3,69.8,0.23,October, 1988
Sonoma,63.2,50.8,75.6,0.01,September, 1988
Sonoma,65.1,53.6,76.6,0.0,August, 1988
Sonoma,66.1,53.3,78.8,0.01,July, 1988
Sonoma,61.2,49.0,73.4,0.15,June, 1988
Sonoma,57.0,44.8,69.1,0.82,May, 1988
Sonoma,55.4,44.3,66.5,2.73,April, 1988
Sonoma,53.4,40.7,66.2,0.09,March, 1988
Sonoma,52.7,39.2,66.1,0.74,February, 1988
Sonoma,49.4,40.2,58.6,4.24,January, 1988
Sonoma,48.3,41.4,55.2,7.93,December, 1987
Sonoma,53.4,43.6,63.2,2.81,November, 1987
Sonoma,62.8,52.6,73.0,1.21,October, 1987
Sonoma,64.5,52.4,76.6,0.0,September, 1987
Sonoma,64.4,53.4,75.4,0.01,August, 1987
Sonoma,62.4,50.4,74.5,0.02,July, 1987
Sonoma,61.3,49.8,72.7,0.03,June, 1987
Sonoma,59.8,49.2,70.4,0.02,May, 1987
Sonoma,57.1,43.5,70.6,0.55,April, 1987
Sonoma,51.5,41.1,61.9,4.72,March, 1987
Sonoma,50.8,40.1,61.5,6.29,February, 1987
Sonoma,47.3,37.7,57.0,4.07,January, 1987
Sonoma,49.1,38.4,59.8,2.01,December, 1986
Sonoma,54.8,41.4,68.3,0.15,November, 1986
Sonoma,60.3,48.5,72.0,0.11,October, 1986
Sonoma,60.0,49.9,70.1,1.35,September, 1986
Sonoma,64.1,53.0,75.1,0.02,August, 1986
Sonoma,63.4,51.7,75.1,0.07,July, 1986
Sonoma,62.4,50.7,74.2,0.0,June, 1986
Sonoma,57.7,45.0,70.4,0.44,May, 1986
Sonoma,53.9,42.8,65.0,0.83,April, 1986
Sonoma,55.1,44.7,65.4,9.5,March, 1986
Sonoma,52.9,44.6,61.2,16.08,February, 1986
Sonoma,53.0,44.1,61.8,6.19,January, 1986
Sonoma,49.0,37.9,60.0,3.99,December, 1985
Sonoma,50.0,40.9,59.2,5.59,November, 1985
Sonoma,58.2,46.0,70.4,1.23,October, 1985
Sonoma,62.7,52.2,73.1,0.51,September, 1985
Sonoma,64.4,51.2,77.5,0.02,August, 1985
Sonoma,66.6,54.1,79.1,0.14,July, 1985
Sonoma,63.5,50.8,76.2,0.19,June, 1985
Sonoma,56.4,44.7,68.0,0.24,May, 1985
Sonoma,56.7,45.1,68.3,0.44,April, 1985
Sonoma,48.3,38.9,57.6,6.79,March, 1985
Sonoma,50.1,38.1,62.0,3.18,February, 1985
Sonoma,46.7,36.3,57.0,1.31,January, 1985
Sonoma,46.6,37.9,55.2,2.82,December, 1984
Sonoma,50.9,43.2,58.6,10.14,November, 1984
Sonoma,58.4,47.8,69.0,2.92,October, 1984
Sonoma,69.2,53.9,84.4,0.16,September, 1984
Sonoma,66.1,53.2,79.1,0.01,August, 1984
Sonoma,66.5,53.8,79.2,0.03,July, 1984
Sonoma,60.6,47.8,73.4,0.24,June, 1984
Sonoma,60.9,46.4,75.4,0.1,May, 1984
Sonoma,52.9,41.4,64.5,1.19,April, 1984
Sonoma,54.1,42.6,65.6,2.23,March, 1984
Sonoma,50.0,39.7,60.2,2.5,February, 1984
Sonoma,49.7,39.2,60.1,0.48,January, 1984
Sonoma,51.2,45.2,57.2,9.35,December, 1983
Sonoma,52.7,44.6,60.8,10.96,November, 1983
Sonoma,62.7,51.1,74.3,1.08,October, 1983
Sonoma,68.0,55.8,80.3,1.18,September, 1983
Sonoma,67.5,55.0,79.9,0.22,August, 1983
Sonoma,65.3,51.9,78.7,0.01,July, 1983
Sonoma,61.6,49.8,73.4,0.05,June, 1983
Sonoma,57.6,46.6,68.5,0.72,May, 1983
Sonoma,52.0,43.0,61.1,6.51,April, 1983
Sonoma,52.0,45.2,58.9,15.22,March, 1983
Sonoma,51.8,44.4,59.2,11.6,February, 1983
Sonoma,50.2,40.4,60.0,11.81,January, 1983
Sonoma,48.7,40.0,57.4,5.52,December, 1982
Sonoma,51.8,42.4,61.2,8.46,November, 1982
Sonoma,59.9,47.9,72.0,3.23,October, 1982
Sonoma,64.0,51.7,76.2,1.29,September, 1982
Sonoma,64.8,52.0,77.6,0.06,August, 1982
Sonoma,63.2,51.3,75.2,0.01,July, 1982
Sonoma,59.2,49.9,68.5,0.42,June, 1982
Sonoma,56.9,46.0,67.7,0.02,May, 1982
Sonoma,53.0,42.5,63.5,6.8,April, 1982
Sonoma,49.3,41.2,57.4,10.3,March, 1982
Sonoma,51.4,41.6,61.2,5.11,February, 1982
Sonoma,45.2,34.9,55.5,13.04,January, 1982
Sonoma,50.8,42.5,59.1,5.68,December, 1981
Sonoma,55.0,46.5,63.6,8.43,November, 1981
Sonoma,57.0,44.7,69.2,2.62,October, 1981
Sonoma,62.8,50.8,74.8,0.16,September, 1981
Sonoma,63.9,50.5,77.2,0.0,August, 1981
Sonoma,63.2,49.9,76.5,0.0,July, 1981
Sonoma,65.5,50.4,80.6,0.0,June, 1981
Sonoma,57.4,45.7,69.2,0.3,May, 1981
Sonoma,54.5,41.6,67.3,0.41,April, 1981
Sonoma,50.6,41.5,59.6,7.14,March, 1981
Sonoma,51.7,41.6,61.7,2.6,February, 1981
Sonoma,51.0,41.9,60.0,8.55,January, 1981
Sonoma,50.8,39.2,62.4,3.87,December, 1980
Sonoma,53.6,40.3,66.9,0.21,November, 1980
Sonoma,60.3,46.5,74.1,0.07,October, 1980
Sonoma,62.8,51.2,74.4,0.01,September, 1980
Sonoma,63.3,52.5,74.1,0.01,August, 1980
Sonoma,64.5,53.0,75.9,0.12,July, 1980
Sonoma,58.7,46.4,70.9,0.14,June, 1980
Sonoma,55.0,44.6,65.4,0.58,May, 1980
Sonoma,53.9,42.7,65.2,2.62,April, 1980
Sonoma,50.9,40.1,61.7,2.67,March, 1980
Sonoma,52.6,44.2,61.0,11.91,February, 1980
Sonoma,50.4,42.5,58.4,9.08,January, 1980
